source_id	subject_id	session_id	bold_num	t1w_num	t2w_num	bold_size	t1w_size	bold_duration_total	bold_duration_mean	bold_voxels_total	bold_voxels_mean	datatypes
ds004884	sub-M2001	ses-1076	1	1	0	20845351	3810459	1200.0	1200.0	135168	135168.0	anat,func
ds004884	sub-M2001	ses-1225	1	0	0	21160784	0	1200.0	1200.0	135168	135168.0	dwi,func
ds004884	sub-M2001	ses-1226	1	0	0	21313722	0	1200.0	1200.0	135168	135168.0	dwi,func
ds004884	sub-M2001	ses-1239	1	0	0	21554885	0	1200.0	1200.0	135168	135168.0	func
ds004884	sub-M2001	ses-1240	1	0	0	21347461	0	1200.0	1200.0	135168	135168.0	func
ds004884	sub-M2001	ses-1253	1	0	1	21333262	0	1200.0	1200.0	135168	135168.0	anat,func
ds004884	sub-M2001	ses-1254	1	0	0	21436985	0	1200.0	1200.0	135168	135168.0	anat,func
ds004884	sub-M2002	ses-1440	2	1	0	21343053	4436102	1200.0	600.0	270336	135168.0	anat,func
ds004884	sub-M2002	ses-1441	2	0	1	21385092	0	1200.0	600.0	270336	135168.0	anat,func
ds004884	sub-M2002	ses-1462	2	0	0	21447329	0	1200.0	600.0	270336	135168.0	func
ds004884	sub-M2002	ses-1467	1	0	0	10663546	0	600.0	600.0	135168	135168.0	func
ds004884	sub-M2002	ses-1468	1	0	0	10659598	0	600.0	600.0	135168	135168.0	func
ds004884	sub-M2002	ses-1499	2	0	0	21028254	0	1200.0	600.0	270336	135168.0	func
ds004884	sub-M2002	ses-1500	2	0	0	21226888	0	1200.0	600.0	270336	135168.0	func
ds004884	sub-M2002	ses-1514	1	0	0	21042759	0	1200.0	1200.0	135168	135168.0	func
ds004884	sub-M2002	ses-1684	1	0	0	22001754	0	1200.0	1200.0	135168	135168.0	dwi,func
ds004884	sub-M2002	ses-1685	1	0	0	21993274	0	1200.0	1200.0	135168	135168.0	func
ds004884	sub-M2002	ses-1698	1	0	0	21998794	0	1200.0	1200.0	135168	135168.0	func
ds004884	sub-M2002	ses-1699	1	0	0	21935816	0	1200.0	1200.0	135168	135168.0	func
ds004884	sub-M2002	ses-1712	1	0	0	21755965	0	1200.0	1200.0	135168	135168.0	func
ds004884	sub-M2002	ses-1713	1	0	1	21927176	0	1200.0	1200.0	135168	135168.0	anat,func
ds004884	sub-M2002	ses-3058	1	0	0	10903084	0	600.0	600.0	135168	135168.0	dwi,func
ds004884	sub-M2002	ses-3059	2	0	0	21965920	0	1200.0	600.0	270336	135168.0	func
ds004884	sub-M2002	ses-3114	1	0	0	14539623	0	800.0	800.0	135168	135168.0	dwi,func
ds004884	sub-M2002	ses-3115	2	0	0	21762096	0	1200.0	600.0	270336	135168.0	func
ds004884	sub-M2002	ses-3149	3	0	0	36345419	0	2000.0	666.6666666666666	405504	135168.0	dwi,func
ds004884	sub-M2002	ses-3770	1	1	1	33187818	4919877	362.60000467300415	362.60000467300415	139264	139264.0	anat,dwi,func
ds004884	sub-M2002	ses-4006	1	1	0	10871427	4266255	600.0	600.0	135168	135168.0	anat,func
ds004884	sub-M2003	ses-1408	1	1	0	21946821	3986274	1200.0	1200.0	135168	135168.0	anat,func
ds004884	sub-M2003	ses-1503	2	0	0	21968030	0	1200.0	600.0	270336	135168.0	func
ds004884	sub-M2003	ses-1505	1	0	0	22243368	0	1200.0	1200.0	135168	135168.0	dwi,func
ds004884	sub-M2003	ses-1555	1	0	0	21585617	0	1200.0	1200.0	135168	135168.0	func
ds004884	sub-M2003	ses-1559	1	0	0	22040702	0	1200.0	1200.0	135168	135168.0	func
ds004884	sub-M2003	ses-1573	1	0	0	22274774	0	1200.0	1200.0	135168	135168.0	func
ds004884	sub-M2003	ses-1574	1	0	0	22384619	0	1200.0	1200.0	135168	135168.0	func
ds004884	sub-M2003	ses-1589	1	0	0	22148163	0	1200.0	1200.0	135168	135168.0	func
ds004884	sub-M2003	ses-1590	1	0	0	22057297	0	1200.0	1200.0	135168	135168.0	anat,func
ds004884	sub-M2004	ses-524	1	1	0	21230208	3856172	1200.0	1200.0	135168	135168.0	anat,func
ds004884	sub-M2004	ses-754	1	0	0	21232157	0	1200.0	1200.0	135168	135168.0	anat,func
ds004884	sub-M2004	ses-755	1	0	1	21230845	0	1200.0	1200.0	135168	135168.0	anat,func
ds004884	sub-M2004	ses-768	1	0	1	21318749	0	1200.0	1200.0	135168	135168.0	anat,func
ds004884	sub-M2004	ses-769	1	0	0	21493872	0	1200.0	1200.0	135168	135168.0	func
ds004884	sub-M2004	ses-779	1	0	0	21300072	0	1200.0	1200.0	135168	135168.0	func
ds004884	sub-M2004	ses-780	1	0	0	21352050	0	1200.0	1200.0	135168	135168.0	dwi,func
ds004884	sub-M2005	ses-1034	0	0	1	0	0	n/a	n/a	n/a	n/a	anat
ds004884	sub-M2005	ses-2060	1	0	0	32426672	0	316.0	316.0	171088	171088.0	dwi,func
ds004884	sub-M2005	ses-2062	0	0	0	0	0	n/a	n/a	n/a	n/a	dwi
ds004884	sub-M2005	ses-2088	1	0	0	32225810	0	316.0	316.0	171088	171088.0	dwi,func
ds004884	sub-M2005	ses-2091	0	0	0	0	0	n/a	n/a	n/a	n/a	dwi
ds004884	sub-M2005	ses-2446	1	1	1	10581921	3792239	600.0	600.0	135168	135168.0	anat,func
ds004884	sub-M2005	ses-2447	1	0	0	10608209	0	600.0	600.0	135168	135168.0	dwi,func
ds004884	sub-M2005	ses-3476	3	1	1	31042161	3646488	1800.0	600.0	405504	135168.0	anat,dwi,func
ds004884	sub-M2005	ses-3616	5	0	0	280638255	0	2426.999990940094	485.3999981880188	1215504	243100.8	func
ds004884	sub-M2005	ses-4334	2	1	1	292162787	3740858	1304.5499898195267	652.2749949097633	540168	270084.0	anat,dwi,func
ds004884	sub-M2005	ses-4380	2	0	0	295336609	0	1304.5499898195267	652.2749949097633	540168	270084.0	dwi,func
ds004884	sub-M2005	ses-4421	2	0	0	290376136	0	1304.5499898195267	652.2749949097633	540168	270084.0	dwi,func
ds004884	sub-M2005	ses-4602	2	0	1	291080370	0	1304.5499898195267	652.2749949097633	540168	270084.0	anat,dwi,func
ds004884	sub-M2005	ses-4996	0	1	1	0	3742759	n/a	n/a	n/a	n/a	anat
ds004884	sub-M2005	ses-5020	1	1	1	287397451	3890864	704.5499898195267	704.5499898195267	405000	405000.0	anat,dwi,func
ds004884	sub-M2005	ses-520	1	1	0	10403934	3686127	600.0	600.0	135168	135168.0	anat,dwi,func
ds004884	sub-M2005	ses-522	1	0	0	20812391	0	1200.0	1200.0	135168	135168.0	anat,func
ds004884	sub-M2005	ses-550	1	0	0	10515757	0	600.0	600.0	135168	135168.0	func
ds004884	sub-M2005	ses-555	1	0	0	10511055	0	600.0	600.0	135168	135168.0	func
ds004884	sub-M2005	ses-5643	2	1	1	296577922	3886725	1304.5499898195267	652.2749949097633	540168	270084.0	anat,dwi,func
ds004884	sub-M2005	ses-582	1	0	0	10418546	0	600.0	600.0	135168	135168.0	func
ds004884	sub-M2005	ses-583	1	0	0	10293213	0	600.0	600.0	135168	135168.0	func
ds004884	sub-M2005	ses-5903	2	1	1	294984976	3852679	1304.5499898195267	652.2749949097633	540168	270084.0	anat,dwi,func
ds004884	sub-M2005	ses-6486	1	1	1	282102234	3791397	704.5499898195267	704.5499898195267	405000	405000.0	anat,dwi,func
ds004884	sub-M2005	ses-732	1	0	0	21386501	0	1200.0	1200.0	135168	135168.0	func
ds004884	sub-M2005	ses-733	1	0	0	21043792	0	1200.0	1200.0	135168	135168.0	func
ds004884	sub-M2005	ses-746	1	0	0	21201586	0	1200.0	1200.0	135168	135168.0	func
ds004884	sub-M2005	ses-747	1	0	0	21404323	0	1200.0	1200.0	135168	135168.0	func
ds004884	sub-M2005	ses-760	1	0	0	20967579	0	1200.0	1200.0	135168	135168.0	func
ds004884	sub-M2005	ses-761	1	0	0	21219167	0	1200.0	1200.0	135168	135168.0	func
ds004884	sub-M2006	ses-1773	1	1	0	21318524	4057666	1200.0	1200.0	135168	135168.0	anat,func
ds004884	sub-M2006	ses-2087	1	0	0	21744850	0	1200.0	1200.0	135168	135168.0	func
ds004884	sub-M2006	ses-2088	1	0	0	21573152	0	1200.0	1200.0	135168	135168.0	func
ds004884	sub-M2006	ses-2101	1	0	0	21706330	0	1200.0	1200.0	135168	135168.0	func
ds004884	sub-M2006	ses-2102	1	0	0	21454423	0	1200.0	1200.0	135168	135168.0	func
ds004884	sub-M2006	ses-2115	1	0	0	21648119	0	1200.0	1200.0	135168	135168.0	func
ds004884	sub-M2006	ses-2116	1	0	0	21667407	0	1200.0	1200.0	135168	135168.0	dwi,func
ds004884	sub-M2006	ses-2381	0	0	1	0	0	n/a	n/a	n/a	n/a	anat,dwi
ds004884	sub-M2006	ses-3942	1	1	1	31949152	4237476	362.60000467300415	362.60000467300415	139264	139264.0	anat,dwi,func
ds004884	sub-M2006	ses-4145	3	1	0	53833380	4587047	1562.6000046730042	520.8666682243347	409600	136533.33333333334	anat,dwi,func
ds004884	sub-M2006	ses-5432	2	1	1	295386114	4563949	1304.5499898195267	652.2749949097633	540168	270084.0	anat,dwi,func
ds004884	sub-M2006	ses-5459	2	0	0	295505771	0	1304.5499898195267	652.2749949097633	540168	270084.0	dwi,func
ds004884	sub-M2006	ses-5510	2	0	0	295547698	0	1304.5499898195267	652.2749949097633	540168	270084.0	dwi,func
ds004884	sub-M2006	ses-5691	2	0	0	297129210	0	1304.5499898195267	652.2749949097633	540168	270084.0	dwi,func
ds004884	sub-M2006	ses-5929	0	1	1	0	4780990	n/a	n/a	n/a	n/a	anat
ds004884	sub-M2006	ses-6312	1	1	1	285092098	4576654	704.5499898195267	704.5499898195267	405000	405000.0	anat,dwi,func
ds004884	sub-M2007	ses-6329	2	1	0	21823936	4338705	1200.0	600.0	270336	135168.0	anat,func
ds004884	sub-M2007	ses-6330	2	0	1	21687051	0	1200.0	600.0	270336	135168.0	anat,func
ds004884	sub-M2007	ses-6351	2	0	0	21689630	0	1200.0	600.0	270336	135168.0	func
ds004884	sub-M2007	ses-6356	1	0	0	10830002	0	600.0	600.0	135168	135168.0	func
ds004884	sub-M2007	ses-6357	1	0	0	10842960	0	600.0	600.0	135168	135168.0	func
ds004884	sub-M2007	ses-6388	2	0	0	21719066	0	1200.0	600.0	270336	135168.0	func
ds004884	sub-M2007	ses-6389	2	0	0	21906351	0	1200.0	600.0	270336	135168.0	func
ds004884	sub-M2007	ses-6403	1	0	0	21572568	0	1200.0	1200.0	135168	135168.0	func
ds004884	sub-M2007	ses-6846	1	0	0	22325086	0	1200.0	1200.0	135168	135168.0	func
ds004884	sub-M2007	ses-6847	1	0	0	22176704	0	1200.0	1200.0	135168	135168.0	dwi,func
ds004884	sub-M2007	ses-6860	1	0	0	22100479	0	1200.0	1200.0	135168	135168.0	func
ds004884	sub-M2007	ses-6861	1	1	0	22204045	4147758	1200.0	1200.0	135168	135168.0	anat,func
ds004884	sub-M2007	ses-6874	1	0	1	22049119	0	1200.0	1200.0	135168	135168.0	anat,func
ds004884	sub-M2007	ses-6875	1	0	0	21256130	0	1200.0	1200.0	135168	135168.0	func
ds004884	sub-M2007	ses-8296	3	0	0	33477221	0	1800.0	600.0	405504	135168.0	dwi,func
ds004884	sub-M2007	ses-8673	1	1	1	33869969	4410560	362.60000467300415	362.60000467300415	139264	139264.0	anat,dwi,func
ds004884	sub-M2007	ses-9301	1	1	1	33253353	4308235	362.60000467300415	362.60000467300415	139264	139264.0	anat,dwi,func
ds004884	sub-M2007	ses-9637	3	0	0	32287904	0	1800.0	600.0	405504	135168.0	func
ds004884	sub-M2007	ses-9685	3	0	0	32569414	0	1800.0	600.0	405504	135168.0	func
ds004884	sub-M2009	ses-2815	1	1	0	20970983	3845460	1200.0	1200.0	135168	135168.0	anat,func
ds004884	sub-M2009	ses-2816	1	0	0	20970989	0	1200.0	1200.0	135168	135168.0	dwi,func
ds004884	sub-M2009	ses-2829	1	0	0	21085853	0	1200.0	1200.0	135168	135168.0	func
ds004884	sub-M2009	ses-2830	1	0	1	21024298	0	1200.0	1200.0	135168	135168.0	anat,func
ds004884	sub-M2009	ses-2843	1	0	1	20893613	0	1200.0	1200.0	135168	135168.0	anat,func
ds004884	sub-M2009	ses-2844	1	0	0	20996144	0	1200.0	1200.0	135168	135168.0	func
ds004884	sub-M2009	ses-3299	0	0	1	0	0	n/a	n/a	n/a	n/a	anat
ds004884	sub-M2011	ses-268	1	1	0	21325427	3982571	1200.0	1200.0	135168	135168.0	anat,dwi,func
ds004884	sub-M2011	ses-336	1	0	0	21258374	0	1200.0	1200.0	135168	135168.0	anat,func
ds004884	sub-M2011	ses-339	1	0	1	21306626	0	1200.0	1200.0	135168	135168.0	anat,func
ds004884	sub-M2011	ses-350	1	0	0	21182486	0	1200.0	1200.0	135168	135168.0	func
ds004884	sub-M2011	ses-352	1	0	0	21318859	0	1200.0	1200.0	135168	135168.0	func
ds004884	sub-M2011	ses-364	1	0	0	21387763	0	1200.0	1200.0	135168	135168.0	func
ds004884	sub-M2011	ses-366	1	0	0	21310928	0	1200.0	1200.0	135168	135168.0	func
ds004884	sub-M2012	ses-1158	1	1	1	21147495	3735810	1200.0	1200.0	135168	135168.0	anat,func
ds004884	sub-M2012	ses-1159	1	0	0	21342402	0	1200.0	1200.0	135168	135168.0	dwi,func
ds004884	sub-M2012	ses-1172	1	0	0	21292955	0	1200.0	1200.0	135168	135168.0	anat,func
ds004884	sub-M2012	ses-1173	1	0	0	21386477	0	1200.0	1200.0	135168	135168.0	func
ds004884	sub-M2012	ses-1186	1	0	0	21244292	0	1200.0	1200.0	135168	135168.0	func
ds004884	sub-M2012	ses-1187	1	0	0	21420366	0	1200.0	1200.0	135168	135168.0	func
ds004884	sub-M2013	ses-136	1	1	0	20870764	3559466	1200.0	1200.0	135168	135168.0	anat,dwi,func
ds004884	sub-M2013	ses-194	1	0	0	20930315	0	1200.0	1200.0	135168	135168.0	func
ds004884	sub-M2013	ses-195	1	0	1	20841851	0	1200.0	1200.0	135168	135168.0	anat,func
ds004884	sub-M2013	ses-208	1	0	0	21025705	0	1200.0	1200.0	135168	135168.0	anat,func
ds004884	sub-M2013	ses-209	1	0	0	20714336	0	1200.0	1200.0	135168	135168.0	func
ds004884	sub-M2013	ses-222	1	0	1	21025025	0	1200.0	1200.0	135168	135168.0	anat,func
ds004884	sub-M2013	ses-223	1	0	0	20392323	0	1200.0	1200.0	135168	135168.0	anat,func
ds004884	sub-M2014	ses-1959	1	1	1	31796286	3652217	362.60000467300415	362.60000467300415	139264	139264.0	anat,dwi,func
ds004884	sub-M2014	ses-291	1	1	0	21286741	3590803	1200.0	1200.0	135168	135168.0	anat,dwi,func
ds004884	sub-M2014	ses-321	1	0	0	21304707	0	1200.0	1200.0	135168	135168.0	func
ds004884	sub-M2014	ses-322	1	0	1	21375212	0	1200.0	1200.0	135168	135168.0	anat,func
ds004884	sub-M2014	ses-335	1	0	0	21549852	0	1200.0	1200.0	135168	135168.0	func
ds004884	sub-M2014	ses-336	1	0	1	21408662	0	1200.0	1200.0	135168	135168.0	anat,func
ds004884	sub-M2014	ses-349	1	0	0	21467576	0	1200.0	1200.0	135168	135168.0	func
ds004884	sub-M2014	ses-350	1	0	0	21514314	0	1200.0	1200.0	135168	135168.0	anat,func
ds004884	sub-M2015	ses-367	1	1	0	9845420	2927802	600.0	600.0	135168	135168.0	anat,func
ds004884	sub-M2015	ses-381	1	0	0	19424080	0	1200.0	1200.0	135168	135168.0	func
ds004884	sub-M2015	ses-382	1	0	0	19512173	0	1200.0	1200.0	135168	135168.0	func
ds004884	sub-M2015	ses-395	1	0	0	20079936	0	1200.0	1200.0	135168	135168.0	func
ds004884	sub-M2015	ses-396	1	0	0	20233818	0	1200.0	1200.0	135168	135168.0	func
ds004884	sub-M2015	ses-409	1	0	1	20051892	0	1200.0	1200.0	135168	135168.0	anat,func
ds004884	sub-M2015	ses-410	1	0	1	19796182	0	1200.0	1200.0	135168	135168.0	anat,func
ds004884	sub-M2016	ses-2693	1	0	0	22196114	0	1200.0	1200.0	135168	135168.0	func
ds004884	sub-M2016	ses-2694	1	0	0	22444176	0	1200.0	1200.0	135168	135168.0	func
ds004884	sub-M2016	ses-2707	1	0	0	22552084	0	1200.0	1200.0	135168	135168.0	func
ds004884	sub-M2016	ses-2708	1	0	0	22597058	0	1200.0	1200.0	135168	135168.0	func
ds004884	sub-M2016	ses-2721	1	0	1	22331990	0	1200.0	1200.0	135168	135168.0	anat,func
ds004884	sub-M2016	ses-2722	1	0	0	22469709	0	1200.0	1200.0	135168	135168.0	func
ds004884	sub-M2016	ses-2889	2	0	0	21839054	0	1200.0	600.0	270336	135168.0	func
ds004884	sub-M2016	ses-2890	2	0	0	21966460	0	1200.0	600.0	270336	135168.0	func
ds004884	sub-M2016	ses-2941	2	0	0	21836638	0	1200.0	600.0	270336	135168.0	func
ds004884	sub-M2016	ses-2942	2	0	0	21645803	0	1200.0	600.0	270336	135168.0	func
ds004884	sub-M2016	ses-2963	1	0	0	21788554	0	1200.0	1200.0	135168	135168.0	func
ds004884	sub-M2016	ses-2994	2	0	0	21727746	0	1200.0	600.0	270336	135168.0	func
ds004884	sub-M2016	ses-3000	2	0	0	21811247	0	1200.0	600.0	270336	135168.0	func
ds004884	sub-M2016	ses-5378	1	1	1	33736635	4275561	362.60000467300415	362.60000467300415	139264	139264.0	anat,dwi,func
ds004884	sub-M2017	ses-1099	1	1	0	10548330	3722578	600.0	600.0	135168	135168.0	anat,func
ds004884	sub-M2017	ses-1113	1	0	0	21200668	0	1200.0	1200.0	135168	135168.0	func
ds004884	sub-M2017	ses-1114	1	0	0	21004687	0	1200.0	1200.0	135168	135168.0	func
ds004884	sub-M2017	ses-1127	1	0	0	21224963	0	1200.0	1200.0	135168	135168.0	func
ds004884	sub-M2017	ses-1128	1	0	0	21171920	0	1200.0	1200.0	135168	135168.0	func
ds004884	sub-M2017	ses-1141	1	0	1	21123977	0	1200.0	1200.0	135168	135168.0	anat,func
ds004884	sub-M2017	ses-1142	1	1	0	20981319	3391218	1200.0	1200.0	135168	135168.0	anat,func
ds004884	sub-M2017	ses-1456	2	0	0	20795818	0	1200.0	600.0	270336	135168.0	func
ds004884	sub-M2017	ses-1470	2	0	0	31232622	0	1800.0	900.0	270336	135168.0	func
ds004884	sub-M2017	ses-1484	2	0	0	29261722	0	1680.0	840.0	270336	135168.0	func
ds004884	sub-M2017	ses-1491	2	0	0	20287802	0	1200.0	600.0	270336	135168.0	func
ds004884	sub-M2017	ses-1498	2	0	0	20853765	0	1200.0	600.0	270336	135168.0	func
ds004884	sub-M2017	ses-1526	2	0	0	20870213	0	1200.0	600.0	270336	135168.0	func
ds004884	sub-M2017	ses-1533	2	0	0	20417223	0	1200.0	600.0	270336	135168.0	dwi,func
ds004884	sub-M2017	ses-2415	0	0	0	0	0	n/a	n/a	n/a	n/a	dwi
ds004884	sub-M2017	ses-2927	1	0	0	10390333	0	600.0	600.0	135168	135168.0	dwi,func
ds004884	sub-M2017	ses-2928	2	0	0	20581307	0	1200.0	600.0	270336	135168.0	func
ds004884	sub-M2017	ses-2983	1	0	0	13896880	0	800.0	800.0	135168	135168.0	dwi,func
ds004884	sub-M2017	ses-2984	2	0	0	20962138	0	1200.0	600.0	270336	135168.0	func
ds004884	sub-M2017	ses-3018	3	0	0	34591926	0	2000.0	666.6666666666666	405504	135168.0	dwi,func
ds004884	sub-M2017	ses-3102	1	0	0	31881338	0	316.0	316.0	171088	171088.0	dwi,func
ds004884	sub-M2017	ses-3103	0	0	0	0	0	n/a	n/a	n/a	n/a	dwi
ds004884	sub-M2017	ses-3130	1	0	0	31716403	0	316.0	316.0	171088	171088.0	dwi,func
ds004884	sub-M2017	ses-3131	1	0	0	32160197	0	316.0	316.0	171088	171088.0	dwi,func
ds004884	sub-M2017	ses-4230	3	1	1	51158861	3428286	1562.6000046730042	520.8666682243347	409600	136533.33333333334	anat,dwi,func
ds004884	sub-M2018	ses-341	1	1	1	21326849	3866749	1200.0	1200.0	135168	135168.0	anat,func
ds004884	sub-M2018	ses-375	1	0	0	21838567	0	1200.0	1200.0	135168	135168.0	func
ds004884	sub-M2018	ses-381	1	0	0	21771254	0	1200.0	1200.0	135168	135168.0	anat,func
ds004884	sub-M2018	ses-382	1	0	0	21653460	0	1200.0	1200.0	135168	135168.0	func
ds004884	sub-M2018	ses-395	1	0	0	21642935	0	1200.0	1200.0	135168	135168.0	dwi,func
ds004884	sub-M2018	ses-396	1	0	0	21714185	0	1200.0	1200.0	135168	135168.0	anat,func
ds004884	sub-M2020	ses-1946	1	1	1	30029197	3418383	362.60000467300415	362.60000467300415	139264	139264.0	anat,dwi,func
ds004884	sub-M2020	ses-525	1	1	0	20666609	3396750	1200.0	1200.0	135168	135168.0	anat,func
ds004884	sub-M2020	ses-526	1	0	0	20477295	0	1200.0	1200.0	135168	135168.0	dwi,func
ds004884	sub-M2020	ses-534	1	0	1	20594445	0	1200.0	1200.0	135168	135168.0	anat,func
ds004884	sub-M2020	ses-535	1	0	0	20656036	0	1200.0	1200.0	135168	135168.0	anat,func
ds004884	sub-M2020	ses-548	1	0	0	20764935	0	1200.0	1200.0	135168	135168.0	func
ds004884	sub-M2020	ses-549	1	0	0	20762374	0	1200.0	1200.0	135168	135168.0	anat,func
ds004884	sub-M2020	ses-589	0	1	1	0	3413563	n/a	n/a	n/a	n/a	anat,dwi
ds004884	sub-M2021	ses-1076	1	0	1	21188228	0	1200.0	1200.0	135168	135168.0	anat,dwi,func
ds004884	sub-M2021	ses-1097	1	0	0	21214616	0	1200.0	1200.0	135168	135168.0	func
ds004884	sub-M2021	ses-1110	1	1	0	20985969	3512501	1200.0	1200.0	135168	135168.0	anat,func
ds004884	sub-M2021	ses-1123	1	0	0	21166817	0	1200.0	1200.0	135168	135168.0	anat,func
ds004884	sub-M2021	ses-1124	1	1	0	21167910	3491918	1200.0	1200.0	135168	135168.0	anat,func
ds004884	sub-M2022	ses-1025	1	0	1	21799611	0	1200.0	1200.0	135168	135168.0	anat,dwi,func
ds004884	sub-M2022	ses-1087	1	0	0	21490280	0	1200.0	1200.0	135168	135168.0	func
ds004884	sub-M2022	ses-1107	1	0	0	21728090	0	1200.0	1200.0	135168	135168.0	func
ds004884	sub-M2022	ses-1108	1	1	0	21677210	4225657	1200.0	1200.0	135168	135168.0	anat,func
ds004884	sub-M2022	ses-1121	1	0	0	21739859	0	1200.0	1200.0	135168	135168.0	func
ds004884	sub-M2022	ses-1122	1	0	0	21842104	0	1200.0	1200.0	135168	135168.0	anat,func
ds004884	sub-M2022	ses-1171	0	0	1	0	0	n/a	n/a	n/a	n/a	anat,dwi
ds004884	sub-M2023	ses-465	1	0	1	20779555	0	1200.0	1200.0	135168	135168.0	anat,func
ds004884	sub-M2023	ses-466	1	0	1	20691457	0	1200.0	1200.0	135168	135168.0	anat,func
ds004884	sub-M2023	ses-479	1	1	0	20492311	3745346	1200.0	1200.0	135168	135168.0	anat,func
ds004884	sub-M2023	ses-493	1	0	0	20467433	0	1200.0	1200.0	135168	135168.0	dwi,func
ds004884	sub-M2023	ses-494	1	0	0	20833624	0	1200.0	1200.0	135168	135168.0	anat,func
ds004884	sub-M2024	ses-291	1	0	1	20703877	0	1200.0	1200.0	135168	135168.0	anat,func
ds004884	sub-M2024	ses-292	1	0	0	20379790	0	1200.0	1200.0	135168	135168.0	func
ds004884	sub-M2024	ses-305	1	1	0	20652550	3679262	1200.0	1200.0	135168	135168.0	anat,func
ds004884	sub-M2024	ses-306	2	0	0	33773659	0	1980.0	990.0	270336	135168.0	dwi,func
ds004884	sub-M2024	ses-319	1	0	0	20505665	0	1200.0	1200.0	135168	135168.0	anat,func
ds004884	sub-M2024	ses-884	1	0	0	10313062	0	600.0	600.0	135168	135168.0	dwi,func
ds004884	sub-M2024	ses-885	2	0	0	20474473	0	1200.0	600.0	270336	135168.0	func
ds004884	sub-M2024	ses-926	1	0	0	10485310	0	600.0	600.0	135168	135168.0	dwi,func
ds004884	sub-M2024	ses-927	2	0	0	24326423	0	1400.0	700.0	270336	135168.0	func
ds004884	sub-M2024	ses-970	3	0	0	34442842	0	2000.0	666.6666666666666	405504	135168.0	dwi,func
ds004884	sub-M2025	ses-1375	1	0	0	10780954	0	600.0	600.0	135168	135168.0	dwi,func
ds004884	sub-M2025	ses-1376	2	0	0	21878322	0	1200.0	600.0	270336	135168.0	func
ds004884	sub-M2025	ses-1431	1	0	0	10907009	0	600.0	600.0	135168	135168.0	dwi,func
ds004884	sub-M2025	ses-1432	2	0	0	24756377	0	1400.0	700.0	270336	135168.0	func
ds004884	sub-M2025	ses-1466	3	0	0	36554254	0	2000.0	666.6666666666666	405504	135168.0	dwi,func
ds004884	sub-M2025	ses-1548	1	0	0	34060542	0	316.0	316.0	171088	171088.0	dwi,func
ds004884	sub-M2025	ses-1578	1	0	0	33584916	0	316.0	316.0	171088	171088.0	dwi,func
ds004884	sub-M2025	ses-1579	1	0	0	34439302	0	316.0	316.0	171088	171088.0	dwi,func
ds004884	sub-M2025	ses-2022	1	1	1	10956291	4239198	600.0	600.0	135168	135168.0	anat,dwi,func
ds004884	sub-M2025	ses-2024	2	0	0	44404545	0	962.6000046730042	481.3000023365021	274432	137216.0	anat,dwi,func
ds004884	sub-M2025	ses-885	1	1	0	21986437	4140314	1200.0	1200.0	135168	135168.0	anat,func
ds004884	sub-M2025	ses-886	1	1	0	21908400	4138725	1200.0	1200.0	135168	135168.0	anat,func
ds004884	sub-M2025	ses-892	1	0	1	21363902	0	1200.0	1200.0	135168	135168.0	anat,func
ds004884	sub-M2025	ses-900	1	0	0	21713231	0	1200.0	1200.0	135168	135168.0	anat,func
ds004884	sub-M2025	ses-906	1	0	0	21729916	0	1200.0	1200.0	135168	135168.0	func
ds004884	sub-M2025	ses-907	1	0	0	21802421	0	1200.0	1200.0	135168	135168.0	dwi,func
ds004884	sub-M2026	ses-3098	1	1	1	21287394	3716366	1200.0	1200.0	135168	135168.0	anat,dwi,func
ds004884	sub-M2026	ses-3238	1	0	0	21077030	0	1200.0	1200.0	135168	135168.0	func
ds004884	sub-M2027	ses-175	0	0	1	0	0	n/a	n/a	n/a	n/a	anat
ds004884	sub-M2027	ses-195	0	1	0	0	3507694	n/a	n/a	n/a	n/a	anat,dwi
ds004884	sub-M2027	ses-268	1	0	0	20915983	0	1200.0	1200.0	135168	135168.0	func
ds004884	sub-M2027	ses-270	1	0	0	20774498	0	1200.0	1200.0	135168	135168.0	anat,func
ds004884	sub-M2027	ses-284	1	0	0	20891996	0	1200.0	1200.0	135168	135168.0	func
ds004884	sub-M2027	ses-285	1	0	0	20619582	0	1200.0	1200.0	135168	135168.0	func
ds004884	sub-M2027	ses-298	1	0	0	20656714	0	1200.0	1200.0	135168	135168.0	func
ds004884	sub-M2027	ses-299	1	0	0	20648838	0	1200.0	1200.0	135168	135168.0	func
ds004884	sub-M2029	ses-180	1	1	1	21193984	3923227	1200.0	1200.0	135168	135168.0	anat,func
ds004884	sub-M2029	ses-181	1	0	0	21218207	0	1200.0	1200.0	135168	135168.0	dwi,func
ds004884	sub-M2029	ses-194	1	0	0	21639301	0	1200.0	1200.0	135168	135168.0	anat,func
ds004884	sub-M2029	ses-195	1	0	0	21336534	0	1200.0	1200.0	135168	135168.0	func
ds004884	sub-M2029	ses-2035	2	1	1	43144751	4034107	962.6000046730042	481.3000023365021	274432	137216.0	anat,dwi,func
ds004884	sub-M2029	ses-2068	1	1	0	10608774	4043164	600.0	600.0	135168	135168.0	anat,dwi,func
ds004884	sub-M2029	ses-208	1	0	0	21544638	0	1200.0	1200.0	135168	135168.0	dwi,func
ds004884	sub-M2029	ses-209	1	0	0	21436478	0	1200.0	1200.0	135168	135168.0	func
ds004884	sub-M2029	ses-2350	3	0	0	30602830	0	1800.0	600.0	405504	135168.0	func
ds004884	sub-M2029	ses-2378	3	0	0	30493011	0	1800.0	600.0	405504	135168.0	func
ds004884	sub-M2029	ses-2706	2	1	1	301857372	4125143	1304.5499898195267	652.2749949097633	540168	270084.0	anat,dwi,func
ds004884	sub-M2029	ses-2746	2	0	0	300585451	0	1304.5499898195267	652.2749949097633	540168	270084.0	dwi,func
ds004884	sub-M2029	ses-2785	2	0	0	298487816	0	1304.5499898195267	652.2749949097633	540168	270084.0	dwi,func
ds004884	sub-M2029	ses-2963	3	0	0	307171630	0	1904.5499898195267	634.8499966065089	675336	225112.0	dwi,func
ds004884	sub-M2029	ses-395	0	1	0	0	3990408	n/a	n/a	n/a	n/a	anat
ds004884	sub-M2029	ses-539	1	0	0	10591608	0	600.0	600.0	135168	135168.0	dwi,func
ds004884	sub-M2029	ses-540	2	0	0	21532380	0	1200.0	600.0	270336	135168.0	func
ds004884	sub-M2029	ses-595	1	0	0	14210683	0	800.0	800.0	135168	135168.0	dwi,func
ds004884	sub-M2029	ses-596	2	0	0	21517598	0	1200.0	600.0	270336	135168.0	func
ds004884	sub-M2029	ses-630	3	0	0	35828580	0	2000.0	666.6666666666666	405504	135168.0	dwi,func
ds004884	sub-M2030	ses-1454	1	1	0	21351688	4236603	1200.0	1200.0	135168	135168.0	anat,func
ds004884	sub-M2030	ses-1455	1	0	1	21474762	0	1200.0	1200.0	135168	135168.0	anat,func
ds004884	sub-M2030	ses-1475	1	0	0	21536172	0	1200.0	1200.0	135168	135168.0	dwi,func
ds004884	sub-M2030	ses-1476	1	0	0	21377072	0	1200.0	1200.0	135168	135168.0	dwi,func
ds004884	sub-M2030	ses-1489	1	0	0	21882245	0	1200.0	1200.0	135168	135168.0	func
ds004884	sub-M2030	ses-1490	1	0	0	21407976	0	1200.0	1200.0	135168	135168.0	anat,func
ds004884	sub-M2030	ses-1708	1	0	0	10679428	0	600.0	600.0	135168	135168.0	dwi,func
ds004884	sub-M2030	ses-1709	2	0	0	21469371	0	1200.0	600.0	270336	135168.0	func
ds004884	sub-M2030	ses-1757	1	0	0	10720962	0	600.0	600.0	135168	135168.0	dwi,func
ds004884	sub-M2030	ses-1758	2	0	0	24962437	0	1400.0	700.0	270336	135168.0	func
ds004884	sub-M2030	ses-1792	3	0	0	35994302	0	2000.0	666.6666666666666	405504	135168.0	dwi,func
ds004884	sub-M2030	ses-1867	1	0	0	33315142	0	316.0	316.0	171088	171088.0	dwi,func
ds004884	sub-M2030	ses-1868	0	0	0	0	0	n/a	n/a	n/a	n/a	dwi
ds004884	sub-M2030	ses-1904	0	0	0	0	0	n/a	n/a	n/a	n/a	dwi
ds004884	sub-M2030	ses-1905	1	0	0	33848944	0	316.0	316.0	171088	171088.0	dwi,func
ds004884	sub-M2030	ses-2833	1	1	1	33163674	4441016	362.60000467300415	362.60000467300415	139264	139264.0	anat,dwi,func
ds004884	sub-M2030	ses-3839	2	1	1	189928119	4362193	1210.4999911785126	605.2499955892563	531168	265584.0	anat,dwi,func
ds004884	sub-M2030	ses-4112	2	0	0	302500915	0	1304.5499898195267	652.2749949097633	540168	270084.0	dwi,func
ds004884	sub-M2031	ses-1540	3	1	1	54395753	4095373	1562.6000046730042	520.8666682243347	409600	136533.33333333334	anat,dwi,func
ds004884	sub-M2031	ses-186	1	0	1	21704366	0	1200.0	1200.0	135168	135168.0	anat,func
ds004884	sub-M2031	ses-189	1	1	0	21633766	4017352	1200.0	1200.0	135168	135168.0	anat,func
ds004884	sub-M2031	ses-200	1	0	0	21400707	0	1200.0	1200.0	135168	135168.0	func
ds004884	sub-M2031	ses-203	1	0	0	21568273	0	1200.0	1200.0	135168	135168.0	func
ds004884	sub-M2031	ses-214	1	0	0	21562344	0	1200.0	1200.0	135168	135168.0	anat,func
ds004884	sub-M2031	ses-220	1	0	0	21569703	0	1200.0	1200.0	135168	135168.0	dwi,func
ds004884	sub-M2031	ses-2362	2	1	1	300426366	4175020	1304.5499898195267	652.2749949097633	540168	270084.0	anat,dwi,func
ds004884	sub-M2031	ses-3097	0	1	1	0	4212442	n/a	n/a	n/a	n/a	anat
ds004884	sub-M2031	ses-4141	2	1	1	302626476	4274290	1304.5499898195267	652.2749949097633	540168	270084.0	anat,dwi,func
ds004884	sub-M2031	ses-4227	2	1	1	300953136	4196733	1304.5499898195267	652.2749949097633	540168	270084.0	anat,dwi,func
ds004884	sub-M2031	ses-4407	2	1	1	298865396	4112663	1304.5499898195267	652.2749949097633	540168	270084.0	anat,dwi,func
ds004884	sub-M2031	ses-536	1	0	0	33550817	0	316.0	316.0	171088	171088.0	dwi,func
ds004884	sub-M2031	ses-538	0	0	1	0	0	n/a	n/a	n/a	n/a	anat,dwi
ds004884	sub-M2031	ses-571	1	0	0	33376676	0	316.0	316.0	171088	171088.0	dwi,func
ds004884	sub-M2031	ses-573	0	0	0	0	0	n/a	n/a	n/a	n/a	dwi
ds004884	sub-M2032	ses-250	1	1	0	20500334	3383194	1200.0	1200.0	135168	135168.0	anat,func
ds004884	sub-M2032	ses-251	1	0	1	20494084	0	1200.0	1200.0	135168	135168.0	anat,func
ds004884	sub-M2032	ses-270	1	0	0	20730188	0	1200.0	1200.0	135168	135168.0	anat,func
ds004884	sub-M2032	ses-271	1	0	0	20648956	0	1200.0	1200.0	135168	135168.0	func
ds004884	sub-M2032	ses-284	1	0	0	17646689	0	1030.0	1030.0	135168	135168.0	dwi,func
ds004884	sub-M2032	ses-289	1	0	0	20646301	0	1200.0	1200.0	135168	135168.0	func
ds004884	sub-M2034	ses-1568	0	1	1	0	4187965	n/a	n/a	n/a	n/a	anat,dwi
ds004884	sub-M2035	ses-4295	0	1	1	0	3621811	n/a	n/a	n/a	n/a	anat,dwi
ds004884	sub-M2036	ses-1115	0	1	1	0	4448337	n/a	n/a	n/a	n/a	anat
ds004884	sub-M2036	ses-1437	1	1	1	33494651	4516248	362.60000467300415	362.60000467300415	139264	139264.0	anat,dwi,func
ds004884	sub-M2036	ses-2316	3	0	0	32343534	0	1800.0	600.0	405504	135168.0	func
ds004884	sub-M2036	ses-2341	4	0	0	42956696	0	2400.0	600.0	540672	135168.0	func
ds004884	sub-M2036	ses-2722	2	1	1	303078537	4633385	1304.5499898195267	652.2749949097633	540168	270084.0	anat,dwi,func
ds004884	sub-M2036	ses-3824	1	1	1	295125989	4588275	704.5499898195267	704.5499898195267	405000	405000.0	anat,dwi,func
ds004884	sub-M2036	ses-695	1	1	1	21528088	4342647	1200.0	1200.0	135168	135168.0	anat,func
ds004884	sub-M2036	ses-739	1	0	0	10907764	0	600.0	600.0	135168	135168.0	dwi,func
ds004884	sub-M2036	ses-740	2	0	0	21665690	0	1200.0	600.0	270336	135168.0	func
ds004884	sub-M2036	ses-788	1	0	0	14597837	0	800.0	800.0	135168	135168.0	dwi,func
ds004884	sub-M2036	ses-789	2	0	0	22102689	0	1200.0	600.0	270336	135168.0	func
ds004884	sub-M2036	ses-823	3	0	0	36494665	0	2000.0	666.6666666666666	405504	135168.0	dwi,func
ds004884	sub-M2036	ses-907	1	0	0	33870853	0	316.0	316.0	171088	171088.0	dwi,func
ds004884	sub-M2036	ses-908	1	0	0	34330731	0	316.0	316.0	171088	171088.0	dwi,func
ds004884	sub-M2036	ses-935	1	0	0	34127913	0	316.0	316.0	171088	171088.0	dwi,func
ds004884	sub-M2036	ses-936	1	0	0	34503438	0	316.0	316.0	171088	171088.0	dwi,func
ds004884	sub-M2037	ses-275	1	1	1	20687676	3321971	1200.0	1200.0	135168	135168.0	anat,dwi,func
ds004884	sub-M2037	ses-491	1	0	0	10514440	0	600.0	600.0	135168	135168.0	dwi,func
ds004884	sub-M2037	ses-492	2	0	0	20797898	0	1200.0	600.0	270336	135168.0	func
ds004884	sub-M2037	ses-545	1	0	0	31432641	0	316.0	316.0	171088	171088.0	dwi,func
ds004884	sub-M2037	ses-547	0	0	0	0	0	n/a	n/a	n/a	n/a	dwi
ds004884	sub-M2039	ses-1222	1	0	1	20763565	0	1200.0	1200.0	135168	135168.0	anat,func
ds004884	sub-M2040	ses-1793	3	0	0	31196728	0	1800.0	600.0	405504	135168.0	func
ds004884	sub-M2040	ses-1824	3	0	0	31185623	0	1800.0	600.0	405504	135168.0	func
ds004884	sub-M2040	ses-207	1	1	0	20590985	3562834	1200.0	1200.0	135168	135168.0	anat,func
ds004884	sub-M2040	ses-212	1	0	1	20764218	0	1200.0	1200.0	135168	135168.0	anat,func
ds004884	sub-M2040	ses-228	1	0	0	20743208	0	1200.0	1200.0	135168	135168.0	dwi,func
ds004884	sub-M2040	ses-229	1	0	0	20990394	0	1200.0	1200.0	135168	135168.0	func
ds004884	sub-M2040	ses-242	1	0	0	20802020	0	1200.0	1200.0	135168	135168.0	anat,func
ds004884	sub-M2040	ses-243	1	0	0	21238330	0	1200.0	1200.0	135168	135168.0	dwi,func
ds004884	sub-M2040	ses-2439	2	1	1	294773848	3763449	1304.5499898195267	652.2749949097633	540168	270084.0	anat,dwi,func
ds004884	sub-M2040	ses-2465	2	0	0	294420175	0	1304.5499898195267	652.2749949097633	540168	270084.0	dwi,func
ds004884	sub-M2040	ses-2516	2	0	0	294756272	0	1304.5499898195267	652.2749949097633	540168	270084.0	dwi,func
ds004884	sub-M2040	ses-2697	2	0	0	295205614	0	1304.5499898195267	652.2749949097633	540168	270084.0	dwi,func
ds004884	sub-M2040	ses-305	1	0	0	10586090	0	600.0	600.0	135168	135168.0	dwi,func
ds004884	sub-M2040	ses-306	2	0	0	21197378	0	1200.0	600.0	270336	135168.0	func
ds004884	sub-M2040	ses-3368	1	1	1	288802887	3888755	704.5499898195267	704.5499898195267	405000	405000.0	anat,dwi,func
ds004884	sub-M2040	ses-347	1	0	0	14258928	0	800.0	800.0	135168	135168.0	dwi,func
ds004884	sub-M2040	ses-348	2	0	0	21463754	0	1200.0	600.0	270336	135168.0	func
ds004884	sub-M2040	ses-387	1	0	0	32902845	0	316.0	316.0	171088	171088.0	func
ds004884	sub-M2040	ses-389	0	0	0	0	0	n/a	n/a	n/a	n/a	dwi
ds004884	sub-M2040	ses-391	3	0	0	35755730	0	2000.0	666.6666666666666	405504	135168.0	dwi,func
ds004884	sub-M2040	ses-4188	2	1	1	298263905	3753953	1304.5499898195267	652.2749949097633	540168	270084.0	anat,dwi,func
ds004884	sub-M2040	ses-429	1	0	0	33127448	0	316.0	316.0	171088	171088.0	dwi,func
ds004884	sub-M2040	ses-431	0	0	0	0	0	n/a	n/a	n/a	n/a	dwi
ds004884	sub-M2040	ses-4475	2	1	1	89384790	3850822	794.6999971866608	397.3499985933304	540168	270084.0	anat,func
ds004884	sub-M2040	ses-842	1	1	1	10646510	3753729	600.0	600.0	135168	135168.0	anat,func
ds004884	sub-M2040	ses-845	2	0	0	41975037	0	962.6000046730042	481.3000023365021	274432	137216.0	dwi,func
ds004884	sub-M2041	ses-872	1	1	0	21375055	4034327	1200.0	1200.0	135168	135168.0	anat,func
ds004884	sub-M2041	ses-873	1	0	1	21051252	0	1200.0	1200.0	135168	135168.0	anat,dwi,func
ds004884	sub-M2042	ses-1953	1	1	1	21537396	4647163	1200.0	1200.0	135168	135168.0	anat,func
ds004884	sub-M2042	ses-1980	1	0	0	10865605	0	600.0	600.0	135168	135168.0	dwi,func
ds004884	sub-M2042	ses-1981	2	0	0	21867137	0	1200.0	600.0	270336	135168.0	func
ds004884	sub-M2042	ses-2022	1	0	0	10768699	0	600.0	600.0	135168	135168.0	dwi,func
ds004884	sub-M2042	ses-2023	2	0	0	25314228	0	1400.0	700.0	270336	135168.0	func
ds004884	sub-M2042	ses-2066	3	0	0	36774762	0	2000.0	666.6666666666666	405504	135168.0	dwi,func
ds004884	sub-M2042	ses-2628	1	1	1	10889592	4574493	600.0	600.0	135168	135168.0	anat,dwi,func
ds004884	sub-M2042	ses-2630	2	0	0	44116491	0	962.6000046730042	481.3000023365021	274432	137216.0	dwi,func
ds004884	sub-M2043	ses-183	1	1	1	21489805	4021641	1200.0	1200.0	135168	135168.0	anat,dwi,func
ds004884	sub-M2044	ses-2150	1	1	1	20787851	3838071	1200.0	1200.0	135168	135168.0	anat,func
ds004884	sub-M2044	ses-2214	2	0	0	20723434	0	1200.0	600.0	270336	135168.0	dwi,func
ds004884	sub-M2044	ses-2256	3	0	0	34701120	0	2000.0	666.6666666666666	405504	135168.0	dwi,func
ds004884	sub-M2044	ses-3122	3	1	1	51830934	3977343	1562.6000046730042	520.8666682243347	409600	136533.33333333334	anat,dwi,func
ds004884	sub-M2044	ses-3609	3	0	0	30573403	0	1800.0	600.0	405504	135168.0	func
ds004884	sub-M2044	ses-3777	3	0	0	28839441	0	1800.0	600.0	405504	135168.0	func
ds004884	sub-M2045	ses-381	0	1	1	0	4510320	n/a	n/a	n/a	n/a	anat,dwi
ds004884	sub-M2046	ses-1947	0	0	0	0	0	n/a	n/a	n/a	n/a	dwi
ds004884	sub-M2046	ses-2499	1	1	1	31917670	3619488	362.60000467300415	362.60000467300415	139264	139264.0	anat,dwi,func
ds004884	sub-M2046	ses-2595	3	1	0	52998368	3608457	1562.6000046730042	520.8666682243347	409600	136533.33333333334	anat,dwi,func
ds004884	sub-M2047	ses-553	0	1	1	0	3402885	n/a	n/a	n/a	n/a	anat
ds004884	sub-M2048	ses-215	0	1	1	0	3742454	n/a	n/a	n/a	n/a	anat
ds004884	sub-M2049	ses-1098	1	1	0	10492576	3458849	600.0	600.0	135168	135168.0	anat,dwi,func
ds004884	sub-M2049	ses-2530	3	1	1	299281719	3664751	1321.049989581108	440.349996527036	945168	315056.0	anat,dwi,func
ds004884	sub-M2049	ses-825	1	1	1	20863943	3307577	1200.0	1200.0	135168	135168.0	anat,dwi,func
ds004884	sub-M2050	ses-208	0	1	1	0	3907343	n/a	n/a	n/a	n/a	anat
ds004884	sub-M2051	ses-284	1	1	1	21501856	3987609	1200.0	1200.0	135168	135168.0	anat,dwi,func
ds004884	sub-M2052	ses-3710	0	1	1	0	3831712	n/a	n/a	n/a	n/a	anat
ds004884	sub-M2054	ses-1598	1	1	1	21996007	4036203	1200.0	1200.0	135168	135168.0	anat,dwi,func
ds004884	sub-M2055	ses-1469	1	1	1	20624878	3625488	1200.0	1200.0	135168	135168.0	anat,dwi,func
ds004884	sub-M2057	ses-520	0	1	1	0	4258414	n/a	n/a	n/a	n/a	anat,dwi
ds004884	sub-M2058	ses-3471	1	1	1	21967210	4635550	1200.0	1200.0	135168	135168.0	anat,func
ds004884	sub-M2059	ses-1239	1	1	1	22001123	3721802	1200.0	1200.0	135168	135168.0	anat,func
ds004884	sub-M2059	ses-1324	1	1	0	11051039	3809524	600.0	600.0	135168	135168.0	anat,dwi,func
ds004884	sub-M2059	ses-1663	1	1	1	32564525	3753335	362.60000467300415	362.60000467300415	139264	139264.0	anat,dwi,func
ds004884	sub-M2059	ses-3349	2	1	1	300024433	3786391	1304.5499898195267	652.2749949097633	540168	270084.0	anat,dwi,func
ds004884	sub-M2059	ses-3378	2	0	0	297998803	0	1304.5499898195267	652.2749949097633	540168	270084.0	dwi,func
ds004884	sub-M2059	ses-3433	2	0	0	301045550	0	1304.5499898195267	652.2749949097633	540168	270084.0	dwi,func
ds004884	sub-M2059	ses-3610	2	0	1	300344746	0	1304.5499898195267	652.2749949097633	540168	270084.0	anat,dwi,func
ds004884	sub-M2059	ses-3965	1	1	1	289727477	3944514	704.5499898195267	704.5499898195267	405000	405000.0	anat,dwi,func
ds004884	sub-M2060	ses-220	1	1	1	10008456	3459321	600.0	600.0	135168	135168.0	anat,func
ds004884	sub-M2061	ses-252	1	1	1	10470240	4087046	600.0	600.0	135168	135168.0	anat,func
ds004884	sub-M2061	ses-469	1	1	0	10696625	4237021	600.0	600.0	135168	135168.0	anat,dwi,func
ds004884	sub-M2066	ses-235	1	1	0	10857459	4257511	600.0	600.0	135168	135168.0	anat,func
ds004884	sub-M2066	ses-325	0	1	1	0	4305245	n/a	n/a	n/a	n/a	anat,dwi
ds004884	sub-M2069	ses-5818	1	1	1	10215019	3360742	600.0	600.0	135168	135168.0	anat,dwi,func
ds004884	sub-M2069	ses-5874	2	1	0	40660783	3381455	962.6000046730042	481.3000023365021	274432	137216.0	anat,dwi,func
ds004884	sub-M2071	ses-1660	1	1	1	11082190	4576501	600.0	600.0	135168	135168.0	anat,func
ds004884	sub-M2071	ses-1662	2	0	0	44656794	0	962.6000046730042	481.3000023365021	274432	137216.0	dwi,func
ds004884	sub-M2072	ses-3004	2	1	1	301526578	4678064	1304.5499898195267	652.2749949097633	540168	270084.0	anat,dwi,func
ds004884	sub-M2072	ses-3028	2	0	0	301783859	0	1304.5499898195267	652.2749949097633	540168	270084.0	dwi,func
ds004884	sub-M2072	ses-3070	2	0	0	304462767	0	1304.5499898195267	652.2749949097633	540168	270084.0	dwi,func
ds004884	sub-M2072	ses-3269	2	0	1	304490257	0	1304.5499898195267	652.2749949097633	540168	270084.0	anat,dwi,func
ds004884	sub-M2072	ses-715	1	1	1	10901714	4788697	600.0	600.0	135168	135168.0	anat,func
ds004884	sub-M2072	ses-824	2	1	0	44312353	4696369	962.6000046730042	481.3000023365021	274432	137216.0	anat,dwi,func
ds004884	sub-M2073	ses-562	2	1	1	43422000	4073596	962.6000046730042	481.3000023365021	274432	137216.0	anat,dwi,func
ds004884	sub-M2074	ses-2183	2	1	1	43066985	3864290	962.6000046730042	481.3000023365021	274432	137216.0	anat,dwi,func
ds004884	sub-M2074	ses-2222	1	1	0	10685137	3904583	600.0	600.0	135168	135168.0	anat,dwi,func
ds004884	sub-M2075	ses-529	2	1	1	41919781	3890658	962.6000046730042	481.3000023365021	274432	137216.0	anat,dwi,func
ds004884	sub-M2075	ses-602	1	1	1	31782370	3957979	362.60000467300415	362.60000467300415	139264	139264.0	anat,dwi,func
ds004884	sub-M2076	ses-236	2	1	1	43239314	3978696	962.6000046730042	481.3000023365021	274432	137216.0	anat,dwi,func
ds004884	sub-M2076	ses-238	1	0	0	10656016	0	600.0	600.0	135168	135168.0	dwi,func
ds004884	sub-M2077	ses-250	2	1	1	40344009	3448237	962.6000046730042	481.3000023365021	274432	137216.0	anat,dwi,func
ds004884	sub-M2078	ses-1970	0	1	1	0	4546100	n/a	n/a	n/a	n/a	anat
ds004884	sub-M2078	ses-1971	1	0	0	33420056	0	362.60000467300415	362.60000467300415	139264	139264.0	anat,dwi,func
ds004884	sub-M2078	ses-2050	1	0	0	33551155	0	362.60000467300415	362.60000467300415	139264	139264.0	dwi,func
ds004884	sub-M2078	ses-3622	0	2	0	0	8267327	n/a	n/a	n/a	n/a	anat
ds004884	sub-M2079	ses-217	2	1	1	42742341	3955067	962.6000046730042	481.3000023365021	274432	137216.0	anat,dwi,func
ds004884	sub-M2082	ses-772	2	1	1	42153285	4082528	962.6000046730042	481.3000023365021	274432	137216.0	anat,dwi,func
ds004884	sub-M2082	ses-786	1	1	1	31050029	3896818	362.60000467300415	362.60000467300415	139264	139264.0	anat,dwi,func
ds004884	sub-M2083	ses-198	2	1	1	40607171	3373933	962.6000046730042	481.3000023365021	274432	137216.0	anat,dwi,func
ds004884	sub-M2084	ses-222	2	1	1	40922553	3299313	962.6000046730042	481.3000023365021	274432	137216.0	anat,dwi,func
ds004884	sub-M2084	ses-294	1	1	0	10137552	3280403	600.0	600.0	135168	135168.0	anat,dwi,func
ds004884	sub-M2084	ses-847	3	0	0	30677053	0	1800.0	600.0	405504	135168.0	func
ds004884	sub-M2084	ses-992	3	0	0	28516213	0	1800.0	600.0	405504	135168.0	func
ds004884	sub-M2086	ses-3021	2	1	1	43663354	4125702	962.6000046730042	481.3000023365021	274432	137216.0	anat,dwi,func
ds004884	sub-M2086	ses-3092	1	1	0	10848409	4179773	600.0	600.0	135168	135168.0	anat,dwi,func
ds004884	sub-M2086	ses-4207	2	0	0	304054418	0	1304.5499898195267	652.2749949097633	540168	270084.0	dwi,func
ds004884	sub-M2086	ses-4571	2	1	1	300501248	4292317	1304.5499898195267	652.2749949097633	540168	270084.0	anat,dwi,func
ds004884	sub-M2086	ses-4595	2	0	0	299613078	0	1304.5499898195267	652.2749949097633	540168	270084.0	dwi,func
ds004884	sub-M2086	ses-4637	2	0	0	302805108	0	1304.5499898195267	652.2749949097633	540168	270084.0	dwi,func
ds004884	sub-M2086	ses-4854	2	0	1	302661707	0	1304.5499898195267	652.2749949097633	540168	270084.0	anat,dwi,func
ds004884	sub-M2086	ses-5215	1	1	1	290856706	4214047	704.5499898195267	704.5499898195267	405000	405000.0	anat,dwi,func
ds004884	sub-M2087	ses-6127	2	1	1	44623749	4691648	962.6000046730042	481.3000023365021	274432	137216.0	anat,dwi,func
ds004884	sub-M2087	ses-6134	1	1	0	11035886	4557677	600.0	600.0	135168	135168.0	anat,dwi,func
ds004884	sub-M2087	ses-6190	2	1	0	44396656	4564786	962.6000046730042	481.3000023365021	274432	137216.0	anat,dwi,func
ds004884	sub-M2087	ses-6806	3	0	0	31949270	0	1800.0	600.0	405504	135168.0	func
ds004884	sub-M2087	ses-6834	3	0	0	32260315	0	1800.0	600.0	405504	135168.0	func
ds004884	sub-M2087	ses-7113	2	1	1	307582400	4646340	1304.5499898195267	652.2749949097633	540168	270084.0	anat,dwi,func
ds004884	sub-M2087	ses-7147	2	0	0	306016894	0	1304.5499898195267	652.2749949097633	540168	270084.0	dwi,func
ds004884	sub-M2087	ses-7384	2	0	0	304294989	0	1304.5499898195267	652.2749949097633	540168	270084.0	dwi,func
ds004884	sub-M2087	ses-8193	1	1	1	296815709	4765481	704.5499898195267	704.5499898195267	405000	405000.0	anat,dwi,func
ds004884	sub-M2088	ses-604	1	1	1	34180315	4941038	362.60000467300415	362.60000467300415	139264	139264.0	anat,dwi,func
ds004884	sub-M2089	ses-302	2	1	1	41314838	3651545	962.6000046730042	481.3000023365021	274432	137216.0	anat,dwi,func
ds004884	sub-M2092	ses-1595	2	0	0	285804010	0	1304.5499898195267	652.2749949097633	540168	270084.0	dwi,func
ds004884	sub-M2092	ses-1629	2	0	0	290893302	0	1304.5499898195267	652.2749949097633	540168	270084.0	dwi,func
ds004884	sub-M2092	ses-1805	2	0	1	295863543	0	1304.5499898195267	652.2749949097633	540168	270084.0	anat,dwi,func
ds004884	sub-M2092	ses-321	2	1	1	42513419	3721485	962.6000046730042	481.3000023365021	274432	137216.0	anat,dwi,func
ds004884	sub-M2094	ses-3078	2	1	1	44373172	4307163	962.6000046730042	481.3000023365021	274432	137216.0	anat,dwi,func
ds004884	sub-M2094	ses-3155	1	1	0	10840587	4356444	600.0	600.0	135168	135168.0	anat,dwi,func
ds004884	sub-M2094	ses-4625	4	1	1	323688944	4394738	2504.5499898195267	626.1374974548817	810504	202626.0	anat,dwi,func
ds004884	sub-M2095	ses-264	2	1	1	41107908	3590065	962.6000046730042	481.3000023365021	274432	137216.0	anat,dwi,func
ds004884	sub-M2096	ses-640	2	1	1	43230223	3986828	962.6000046730042	481.3000023365021	274432	137216.0	anat,dwi,func
ds004884	sub-M2096	ses-728	1	1	0	10693331	3964397	600.0	600.0	135168	135168.0	anat,dwi,func
ds004884	sub-M2097	ses-1382	1	1	1	32332045	4354534	362.60000467300415	362.60000467300415	139264	139264.0	anat,dwi,func
ds004884	sub-M2099	ses-1952	2	1	1	289498173	3597788	1304.5499898195267	652.2749949097633	540168	270084.0	anat,dwi,func
ds004884	sub-M2099	ses-1981	2	0	0	289416945	0	1304.5499898195267	652.2749949097633	540168	270084.0	dwi,func
ds004884	sub-M2099	ses-2015	2	0	0	289810656	0	1304.5499898195267	652.2749949097633	540168	270084.0	dwi,func
ds004884	sub-M2099	ses-2233	2	0	1	290269216	0	1304.5499898195267	652.2749949097633	540168	270084.0	anat,dwi,func
ds004884	sub-M2099	ses-658	2	1	1	41261823	3399318	962.6000046730042	481.3000023365021	274432	137216.0	anat,dwi,func
ds004884	sub-M2100	ses-6369	1	1	1	32665832	4243508	362.60000467300415	362.60000467300415	139264	139264.0	anat,dwi,func
ds004884	sub-M2101	ses-1309	1	1	1	32041709	3793618	362.60000467300415	362.60000467300415	139264	139264.0	anat,dwi,func
ds004884	sub-M2101	ses-1665	3	0	0	32119806	0	1800.0	600.0	405504	135168.0	func
ds004884	sub-M2101	ses-1733	3	0	0	30920883	0	1800.0	600.0	405504	135168.0	func
ds004884	sub-M2102	ses-1400	2	1	1	301859206	4153139	1304.5499898195267	652.2749949097633	540168	270084.0	anat,dwi,func
ds004884	sub-M2102	ses-1456	2	0	0	264435121	0	1217.0999910831451	608.5499955415726	540168	270084.0	dwi,func
ds004884	sub-M2102	ses-1504	2	0	0	301162322	0	1304.5499898195267	652.2749949097633	540168	270084.0	dwi,func
ds004884	sub-M2102	ses-169	2	1	1	44101424	4087919	962.6000046730042	481.3000023365021	274432	137216.0	anat,dwi,func
ds004884	sub-M2102	ses-1698	2	0	1	301923443	0	1304.5499898195267	652.2749949097633	540168	270084.0	anat,dwi,func
ds004884	sub-M2102	ses-2044	1	1	1	295336124	4213680	704.5499898195267	704.5499898195267	405000	405000.0	anat,dwi,func
ds004884	sub-M2103	ses-222	2	1	1	44170618	4357931	962.6000046730042	481.3000023365021	274432	137216.0	anat,dwi,func
ds004884	sub-M2103	ses-314	1	1	0	10832240	4355728	600.0	600.0	135168	135168.0	anat,dwi,func
ds004884	sub-M2104	ses-483	2	1	1	42236404	3644223	962.6000046730042	481.3000023365021	274432	137216.0	anat,dwi,func
ds004884	sub-M2104	ses-574	1	1	0	10496680	3600945	600.0	600.0	135168	135168.0	anat,dwi,func
ds004884	sub-M2105	ses-964	1	1	2	10100306	3489098	600.0	600.0	135168	135168.0	anat,dwi,func
ds004884	sub-M2106	ses-2332	2	1	1	295921852	4163204	1304.5499898195267	652.2749949097633	540168	270084.0	anat,dwi,func
ds004884	sub-M2106	ses-786	2	1	1	43187677	4153295	962.6000046730042	481.3000023365021	274432	137216.0	anat,dwi,func
ds004884	sub-M2106	ses-902	1	1	0	10670142	4208637	600.0	600.0	135168	135168.0	anat,dwi,func
ds004884	sub-M2107	ses-2107	2	1	1	43910712	4545263	962.6000046730042	481.3000023365021	274432	137216.0	anat,dwi,func
ds004884	sub-M2109	ses-1170	2	1	1	297792850	4251834	1304.5499898195267	652.2749949097633	540168	270084.0	anat,dwi,func
ds004884	sub-M2109	ses-1198	2	0	0	293633873	0	1304.5499898195267	652.2749949097633	540168	270084.0	dwi,func
ds004884	sub-M2109	ses-1255	2	0	0	296909600	0	1304.5499898195267	652.2749949097633	540168	270084.0	dwi,func
ds004884	sub-M2109	ses-1435	2	1	1	298511430	4543145	1304.5499898195267	652.2749949097633	540168	270084.0	anat,dwi,func
ds004884	sub-M2109	ses-336	2	1	1	43244472	4241981	962.6000046730042	481.3000023365021	274432	137216.0	anat,dwi,func
ds004884	sub-M2109	ses-364	1	1	0	10917578	4003196	600.0	600.0	135168	135168.0	anat,dwi,func
ds004884	sub-M2110	ses-1302	2	1	1	277875134	4155535	1210.4999911785126	605.2499955892563	585168	292584.0	anat,dwi,func
ds004884	sub-M2110	ses-742	2	1	1	41604547	3844456	962.6000046730042	481.3000023365021	274432	137216.0	anat,dwi,func
ds004884	sub-M2111	ses-638	2	1	1	43143080	4138531	962.6000046730042	481.3000023365021	274432	137216.0	anat,dwi,func
ds004884	sub-M2112	ses-262	2	1	1	42324567	4120640	962.6000046730042	481.3000023365021	274432	137216.0	anat,dwi,func
ds004884	sub-M2112	ses-310	3	2	1	52928594	8155974	1562.6000046730042	520.8666682243347	409600	136533.33333333334	anat,dwi,func
ds004884	sub-M2112	ses-371	1	1	1	32438978	4100614	362.60000467300415	362.60000467300415	139264	139264.0	anat,dwi,func
ds004884	sub-M2113	ses-300	1	1	1	31665404	3960851	362.60000467300415	362.60000467300415	139264	139264.0	anat,dwi,func
ds004884	sub-M2114	ses-1811	1	1	1	32644913	4246998	362.60000467300415	362.60000467300415	139264	139264.0	anat,dwi,func
ds004884	sub-M2115	ses-1088	2	0	0	297655041	0	1304.5499898195267	652.2749949097633	540168	270084.0	dwi,func
ds004884	sub-M2115	ses-166	2	1	1	42519902	4031296	962.6000046730042	481.3000023365021	274432	137216.0	anat,dwi,func
ds004884	sub-M2115	ses-1725	1	1	1	288658958	4072497	704.5499898195267	704.5499898195267	405000	405000.0	anat,dwi,func
ds004884	sub-M2115	ses-185	1	1	0	10719138	4007910	600.0	600.0	135168	135168.0	anat,dwi,func
ds004884	sub-M2115	ses-2868	2	1	1	297798724	4088498	1304.5499898195267	652.2749949097633	540168	270084.0	anat,dwi,func
ds004884	sub-M2115	ses-3146	2	1	1	297563558	4114850	1304.5499898195267	652.2749949097633	540168	270084.0	anat,dwi,func
ds004884	sub-M2115	ses-3176	1	1	1	286065820	4120195	704.5499898195267	704.5499898195267	405000	405000.0	anat,dwi,func
ds004884	sub-M2115	ses-402	3	0	0	30173811	0	1800.0	600.0	405504	135168.0	func
ds004884	sub-M2115	ses-429	3	0	0	30059347	0	1800.0	600.0	405504	135168.0	func
ds004884	sub-M2115	ses-829	2	1	1	298123869	4094378	1304.5499898195267	652.2749949097633	540168	270084.0	anat,dwi,func
ds004884	sub-M2115	ses-857	2	0	0	298366325	0	1304.5499898195267	652.2749949097633	540168	270084.0	dwi,func
ds004884	sub-M2115	ses-909	2	0	0	298602460	0	1304.5499898195267	652.2749949097633	540168	270084.0	dwi,func
ds004884	sub-M2116	ses-261	2	1	1	41314630	3622049	962.6000046730042	481.3000023365021	274432	137216.0	anat,dwi,func
ds004884	sub-M2116	ses-265	1	1	0	10452998	3704154	600.0	600.0	135168	135168.0	anat,dwi,func
ds004884	sub-M2117	ses-505	2	1	1	253869479	4564250	626.999990940094	313.499995470047	810000	405000.0	anat,dwi,func
ds004884	sub-M2117	ses-666	1	1	0	10055606	4498608	600.0	600.0	135168	135168.0	anat,dwi,func
ds004884	sub-M2118	ses-4047	2	1	1	251052432	3894711	626.999990940094	313.499995470047	810000	405000.0	anat,dwi,func
ds004884	sub-M2118	ses-4088	3	0	0	29321831	0	1800.0	600.0	405504	135168.0	func
ds004884	sub-M2118	ses-4118	3	0	0	29822946	0	1800.0	600.0	405504	135168.0	func
ds004884	sub-M2118	ses-4363	2	1	1	295821555	3941015	1304.5499898195267	652.2749949097633	540168	270084.0	anat,dwi,func
ds004884	sub-M2118	ses-4552	1	1	0	10310928	3939933	600.0	600.0	135168	135168.0	anat,dwi,func
ds004884	sub-M2118	ses-5464	1	1	1	287211208	3972125	704.5499898195267	704.5499898195267	405000	405000.0	anat,dwi,func
ds004884	sub-M2119	ses-316	3	1	1	263525069	4333654	1226.999990940094	408.9999969800313	945168	315056.0	anat,dwi,func
ds004884	sub-M2120	ses-749	3	1	1	254152911	3399253	1226.999990940094	408.9999969800313	945168	315056.0	anat,dwi,func
ds004884	sub-M2120	ses-769	1	1	0	9473555	3395742	600.0	600.0	135168	135168.0	anat,dwi,func
ds004884	sub-M2121	ses-258	3	1	1	265563242	4251639	1226.999990940094	408.9999969800313	945168	315056.0	anat,dwi,func
ds004884	sub-M2122	ses-207	2	1	1	256978445	4674192	626.999990940094	313.499995470047	810000	405000.0	anat,dwi,func
ds004884	sub-M2123	ses-650	3	1	1	258117493	3707824	1226.999990940094	408.9999969800313	945168	315056.0	anat,dwi,func
ds004884	sub-M2123	ses-685	1	1	0	9940190	3711553	600.0	600.0	135168	135168.0	anat,dwi,func
ds004884	sub-M2124	ses-595	3	1	1	269842601	4380557	1226.999990940094	408.9999969800313	945168	315056.0	anat,dwi,func
ds004884	sub-M2125	ses-332	2	1	1	255219040	3849829	1210.4999911785126	605.2499955892563	540168	270084.0	anat,dwi,func
ds004884	sub-M2126	ses-1635	2	1	1	303329500	4465465	1304.5499898195267	652.2749949097633	540168	270084.0	anat,dwi,func
ds004884	sub-M2126	ses-270	1	1	1	248781424	4448653	610.4999911785126	610.4999911785126	405000	405000.0	anat,dwi,func
ds004884	sub-M2127	ses-1513	1	1	1	291291064	4188857	704.5499898195267	704.5499898195267	405000	405000.0	anat,dwi,func
ds004884	sub-M2127	ses-2123	2	1	1	302920239	4274521	1304.5499898195267	652.2749949097633	540168	270084.0	anat,dwi,func
ds004884	sub-M2127	ses-2382	2	1	1	300344914	4208802	1304.5499898195267	652.2749949097633	540168	270084.0	anat,dwi,func
ds004884	sub-M2127	ses-243	2	1	1	259664730	4180281	1210.4999911785126	605.2499955892563	540168	270084.0	anat,dwi,func
ds004884	sub-M2127	ses-2986	1	1	1	295113486	4200023	704.5499898195267	704.5499898195267	405000	405000.0	anat,dwi,func
ds004884	sub-M2127	ses-435	2	1	1	299970806	4216857	1304.5499898195267	652.2749949097633	540168	270084.0	anat,dwi,func
ds004884	sub-M2129	ses-5624	1	1	1	244142704	4161708	610.4999911785126	610.4999911785126	405000	405000.0	anat,dwi,func
ds004884	sub-M2131	ses-472	1	1	1	247719550	4278974	610.4999911785126	610.4999911785126	405000	405000.0	anat,dwi,func
ds004884	sub-M2131	ses-510	3	0	0	31008968	0	1800.0	600.0	405504	135168.0	func
ds004884	sub-M2131	ses-539	2	0	0	21420550	0	1200.0	600.0	270336	135168.0	func
ds004884	sub-M2134	ses-1026	2	1	1	251232919	3329688	1210.4999911785126	605.2499955892563	540168	270084.0	anat,dwi,func
ds004884	sub-M2135	ses-1651	1	1	1	250645365	4776302	610.4999911785126	610.4999911785126	405000	405000.0	anat,dwi,func
ds004884	sub-M2136	ses-1090	2	1	1	292176633	3645455	1304.5499898195267	652.2749949097633	540168	270084.0	anat,dwi,func
ds004884	sub-M2136	ses-1123	2	0	0	290955699	0	1304.5499898195267	652.2749949097633	540168	270084.0	dwi,func
ds004884	sub-M2136	ses-1187	2	0	0	290768052	0	1304.5499898195267	652.2749949097633	540168	270084.0	dwi,func
ds004884	sub-M2136	ses-1354	2	0	0	289956473	0	1304.5499898195267	652.2749949097633	540168	270084.0	dwi,func
ds004884	sub-M2136	ses-865	2	1	1	249965744	3571335	1210.4999911785126	605.2499955892563	540168	270084.0	anat,dwi,func
ds004884	sub-M2136	ses-878	1	1	0	9802384	3566088	600.0	600.0	135168	135168.0	anat,dwi,func
ds004884	sub-M2137	ses-453	3	1	1	32656114	4772865	1800.0	600.0	405504	135168.0	anat,dwi,func
ds004884	sub-M2137	ses-704	1	1	0	10750437	4647481	600.0	600.0	135168	135168.0	anat,dwi,func
ds004884	sub-M2138	ses-5979	2	1	1	265415427	4604673	1210.4999911785126	605.2499955892563	540168	270084.0	anat,dwi,func
ds004884	sub-M2139	ses-193	2	1	1	254781045	3684627	1210.4999911785126	605.2499955892563	540168	270084.0	anat,dwi,func
ds004884	sub-M2139	ses-228	1	1	0	9989838	3622155	600.0	600.0	135168	135168.0	anat,func
ds004884	sub-M2140	ses-631	1	1	1	251669425	4256888	610.4999911785126	610.4999911785126	405000	405000.0	anat,dwi,func
ds004884	sub-M2141	ses-2539	1	1	1	31214581	3869578	362.60000467300415	362.60000467300415	139264	139264.0	anat,dwi,func
ds004884	sub-M2142	ses-1295	1	1	1	32703955	4139884	362.60000467300415	362.60000467300415	139264	139264.0	anat,dwi,func
ds004884	sub-M2143	ses-2871	1	1	1	32542848	4030594	362.60000467300415	362.60000467300415	139264	139264.0	anat,dwi,func
ds004884	sub-M2144	ses-3132	2	1	1	289927530	3281190	1304.5499898195267	652.2749949097633	540168	270084.0	anat,dwi,func
ds004884	sub-M2144	ses-855	1	1	1	29879071	3312387	362.60000467300415	362.60000467300415	139264	139264.0	anat,dwi,func
ds004884	sub-M2145	ses-1616	1	1	1	31161070	3815902	362.60000467300415	362.60000467300415	139264	139264.0	anat,dwi,func
ds004884	sub-M2146	ses-2612	1	1	1	32261865	4126086	362.60000467300415	362.60000467300415	139264	139264.0	anat,dwi,func
ds004884	sub-M2146	ses-4696	2	1	1	296880506	4326946	1304.5499898195267	652.2749949097633	540168	270084.0	anat,dwi,func
ds004884	sub-M2147	ses-2667	2	1	1	290540012	3983810	1304.5499898195267	652.2749949097633	540168	270084.0	anat,dwi,func
ds004884	sub-M2149	ses-677	1	1	1	30206943	3430410	362.60000467300415	362.60000467300415	139264	139264.0	anat,dwi,func
ds004884	sub-M2150	ses-2081	1	1	1	30871709	3816438	362.60000467300415	362.60000467300415	139264	139264.0	anat,dwi,func
ds004884	sub-M2151	ses-2092	1	1	1	32957814	4112600	362.60000467300415	362.60000467300415	139264	139264.0	anat,dwi,func
ds004884	sub-M2151	ses-4092	2	1	1	297807822	4308549	1304.5499898195267	652.2749949097633	540168	270084.0	anat,dwi,func
ds004884	sub-M2152	ses-733	1	1	1	31510630	3928797	362.60000467300415	362.60000467300415	139264	139264.0	anat,dwi,func
ds004884	sub-M2153	ses-1566	1	1	1	32084240	3971079	362.60000467300415	362.60000467300415	139264	139264.0	anat,dwi,func
ds004884	sub-M2155	ses-814	1	1	1	30750174	3747496	362.60000467300415	362.60000467300415	139264	139264.0	anat,dwi,func
ds004884	sub-M2156	ses-2653	1	1	1	30290386	3413827	362.60000467300415	362.60000467300415	139264	139264.0	anat,dwi,func
ds004884	sub-M2158	ses-404	1	1	1	31239357	3800549	362.60000467300415	362.60000467300415	139264	139264.0	anat,dwi,func
ds004884	sub-M2159	ses-380	1	1	1	31857453	3685263	362.60000467300415	362.60000467300415	139264	139264.0	anat,dwi,func
ds004884	sub-M2160	ses-3078	1	1	1	30052396	3473358	362.60000467300415	362.60000467300415	139264	139264.0	anat,dwi,func
ds004884	sub-M2160	ses-4825	2	1	1	288560354	3718933	1304.5499898195267	652.2749949097633	540168	270084.0	anat,dwi,func
ds004884	sub-M2162	ses-240	1	1	1	31172737	3874888	362.60000467300415	362.60000467300415	139264	139264.0	anat,dwi,func
ds004884	sub-M2164	ses-622	1	1	1	33930349	4794551	362.60000467300415	362.60000467300415	139264	139264.0	anat,dwi,func
ds004884	sub-M2165	ses-1470	2	1	1	299488794	4079849	1304.5499898195267	652.2749949097633	540168	270084.0	anat,dwi,func
ds004884	sub-M2165	ses-1503	2	0	0	300434291	0	1304.5499898195267	652.2749949097633	540168	270084.0	dwi,func
ds004884	sub-M2165	ses-1559	2	0	0	297600499	0	1304.5499898195267	652.2749949097633	540168	270084.0	dwi,func
ds004884	sub-M2165	ses-1734	2	1	0	297832974	3988051	1304.5499898195267	652.2749949097633	540168	270084.0	anat,dwi,func
ds004884	sub-M2165	ses-2371	1	1	1	290334911	4071677	704.5499898195267	704.5499898195267	405000	405000.0	anat,dwi,func
ds004884	sub-M2165	ses-687	1	1	1	32373921	3929388	362.60000467300415	362.60000467300415	139264	139264.0	anat,dwi,func
ds004884	sub-M2168	ses-1148	4	1	1	325233407	4467557	2504.5499898195267	626.1374974548817	810504	202626.0	anat,dwi,func
ds004884	sub-M2168	ses-1189	3	0	0	31789721	0	1800.0	600.0	405504	135168.0	func
ds004884	sub-M2168	ses-1445	2	1	1	301570538	4455326	1304.5499898195267	652.2749949097633	540168	270084.0	anat,dwi,func
ds004884	sub-M2168	ses-1474	2	0	0	302211599	0	1304.5499898195267	652.2749949097633	540168	270084.0	dwi,func
ds004884	sub-M2168	ses-1515	2	0	0	302121586	0	1304.5499898195267	652.2749949097633	540168	270084.0	dwi,func
ds004884	sub-M2168	ses-458	2	1	1	263808480	4410708	1210.4999911785126	605.2499955892563	540168	270084.0	anat,dwi,func
ds004884	sub-M2169	ses-1448	1	1	1	279325231	3328283	704.5499898195267	704.5499898195267	405000	405000.0	anat,dwi,func
ds004884	sub-M2169	ses-370	1	1	1	276827850	3297422	704.5499898195267	704.5499898195267	405000	405000.0	anat,dwi,func
ds004884	sub-M2169	ses-425	2	1	1	288695893	3308973	1304.5499898195267	652.2749949097633	540168	270084.0	anat,dwi,func
ds004884	sub-M2169	ses-452	2	0	0	289324234	0	1304.5499898195267	652.2749949097633	540168	270084.0	dwi,func
ds004884	sub-M2169	ses-500	2	0	0	290527068	0	1304.5499898195267	652.2749949097633	540168	270084.0	dwi,func
ds004884	sub-M2169	ses-676	2	0	0	283777214	0	1304.5499898195267	652.2749949097633	540168	270084.0	dwi,func
ds004884	sub-M2170	ses-1037	2	0	0	302961487	0	1304.5499898195267	652.2749949097633	540168	270084.0	dwi,func
ds004884	sub-M2170	ses-1737	1	1	1	292901838	5095416	704.5499898195267	704.5499898195267	405000	405000.0	anat,dwi,func
ds004884	sub-M2170	ses-660	2	1	1	302838123	4851099	1304.5499898195267	652.2749949097633	540168	270084.0	anat,dwi,func
ds004884	sub-M2170	ses-756	2	0	0	303586673	0	1304.5499898195267	652.2749949097633	540168	270084.0	dwi,func
ds004884	sub-M2170	ses-805	2	0	0	300078872	0	1304.5499898195267	652.2749949097633	535944	267972.0	dwi,func
ds004884	sub-M2170	ses-983	2	0	0	301056511	0	1304.5499898195267	652.2749949097633	540168	270084.0	dwi,func
ds004884	sub-M2172	ses-205	2	1	1	301813406	4359928	1304.5499898195267	652.2749949097633	540168	270084.0	anat,dwi,func
ds004884	sub-M2172	ses-223	1	1	0	10777115	4355114	600.0	600.0	135168	135168.0	anat,dwi,func
ds004884	sub-M2172	ses-476	2	1	1	301566649	4340882	1304.5499898195267	652.2749949097633	540168	270084.0	anat,dwi,func
ds004884	sub-M2172	ses-499	2	0	0	300298659	0	1304.5499898195267	652.2749949097633	540168	270084.0	dwi,func
ds004884	sub-M2172	ses-541	2	0	0	299555276	0	1304.5499898195267	652.2749949097633	540168	270084.0	dwi,func
ds004884	sub-M2172	ses-722	2	0	1	301894190	0	1304.5499898195267	652.2749949097633	540168	270084.0	anat,dwi,func
ds004884	sub-M2172	ses-894	0	1	1	0	4345078	n/a	n/a	n/a	n/a	anat
ds004884	sub-M2173	ses-1131	2	0	1	303723817	0	1304.5499898195267	652.2749949097633	540168	270084.0	anat,dwi,func
ds004884	sub-M2173	ses-590	2	1	1	306158469	4631400	1304.5499898195267	652.2749949097633	540168	270084.0	anat,dwi,func
ds004884	sub-M2173	ses-884	2	1	1	306061220	4623612	1304.5499898195267	652.2749949097633	540168	270084.0	anat,dwi,func
ds004884	sub-M2173	ses-911	2	0	0	302576028	0	1304.5499898195267	652.2749949097633	540168	270084.0	dwi,func
ds004884	sub-M2175	ses-703	2	1	1	295654014	4533980	1304.5499898195267	652.2749949097633	527496	263748.0	anat,dwi,func
ds004884	sub-M2176	ses-1013	2	0	0	300349087	0	1304.5499898195267	652.2749949097633	540168	270084.0	dwi,func
ds004884	sub-M2176	ses-1189	2	0	1	301651089	0	1304.5499898195267	652.2749949097633	540168	270084.0	anat,dwi,func
ds004884	sub-M2176	ses-1237	0	1	1	0	5109899	n/a	n/a	n/a	n/a	anat
ds004884	sub-M2176	ses-1537	1	1	1	291709007	4996192	704.5499898195267	704.5499898195267	405000	405000.0	anat,dwi,func
ds004884	sub-M2176	ses-664	2	1	1	305563992	4750026	1304.5499898195267	652.2749949097633	540168	270084.0	anat,dwi,func
ds004884	sub-M2176	ses-675	1	1	0	10763620	4514744	600.0	600.0	135168	135168.0	anat,dwi,func
ds004884	sub-M2176	ses-927	2	1	1	301382039	4889041	1304.5499898195267	652.2749949097633	540168	270084.0	anat,dwi,func
ds004884	sub-M2176	ses-959	2	0	0	300782210	0	1304.5499898195267	652.2749949097633	540168	270084.0	dwi,func
ds004884	sub-M2177	ses-1022	0	1	1	0	3774605	n/a	n/a	n/a	n/a	anat
ds004884	sub-M2177	ses-1114	1	1	1	285814000	3778682	704.5499898195267	704.5499898195267	405000	405000.0	anat,dwi,func
ds004884	sub-M2177	ses-202	0	1	1	0	3839630	n/a	n/a	n/a	n/a	anat
ds004884	sub-M2177	ses-371	2	1	1	295803781	3798845	1304.5499898195267	652.2749949097633	540168	270084.0	anat,dwi,func
ds004884	sub-M2177	ses-398	2	0	0	295313644	0	1304.5499898195267	652.2749949097633	540168	270084.0	dwi,func
ds004884	sub-M2177	ses-440	2	0	0	293775251	0	1304.5499898195267	652.2749949097633	540168	270084.0	dwi,func
ds004884	sub-M2177	ses-621	2	0	1	295594467	0	1304.5499898195267	652.2749949097633	540168	270084.0	anat,dwi,func
ds004884	sub-M2178	ses-1407	1	1	1	286779546	4587530	704.5499898195267	704.5499898195267	414000	414000.0	anat,dwi,func
ds004884	sub-M2178	ses-337	2	1	1	291502591	3893036	1304.5499898195267	652.2749949097633	540168	270084.0	anat,dwi,func
ds004884	sub-M2178	ses-408	2	1	1	287440282	4713402	1304.5499898195267	652.2749949097633	540168	270084.0	anat,dwi,func
ds004884	sub-M2178	ses-450	2	0	0	284754389	0	1304.5499898195267	652.2749949097633	540168	270084.0	dwi,func
ds004884	sub-M2178	ses-498	2	0	0	290046910	0	1304.5499898195267	652.2749949097633	540168	270084.0	dwi,func
ds004884	sub-M2178	ses-682	2	0	0	285213437	0	1304.5499898195267	652.2749949097633	540168	270084.0	dwi,func
ds004884	sub-M2178	ses-843	3	0	0	29979624	0	1800.0	600.0	405504	135168.0	func
ds004884	sub-M2178	ses-889	3	0	0	29928356	0	1800.0	600.0	405504	135168.0	func
ds004884	sub-M2179	ses-2515	2	1	1	305591827	5163482	1304.5499898195267	652.2749949097633	540168	270084.0	anat,dwi,func
ds004884	sub-M2179	ses-2570	2	0	0	303725741	0	1304.5499898195267	652.2749949097633	540168	270084.0	dwi,func
ds004884	sub-M2179	ses-2620	2	0	0	304996681	0	1304.5499898195267	652.2749949097633	540168	270084.0	dwi,func
ds004884	sub-M2179	ses-2819	2	0	0	306473415	0	1304.5499898195267	652.2749949097633	540168	270084.0	dwi,func
ds004884	sub-M2181	ses-1209	1	1	1	288972996	4589167	704.5499898195267	704.5499898195267	405000	405000.0	anat,dwi,func
ds004884	sub-M2181	ses-1818	2	1	1	299774893	4883648	1304.5499898195267	652.2749949097633	540168	270084.0	anat,dwi,func
ds004884	sub-M2181	ses-2085	2	2	1	301133555	9889664	1304.5499898195267	652.2749949097633	540168	270084.0	anat,dwi,func
ds004884	sub-M2181	ses-2680	1	1	1	289649099	5132542	704.5499898195267	704.5499898195267	405000	405000.0	anat,dwi,func
ds004884	sub-M2181	ses-370	2	1	1	295842624	4296663	1304.5499898195267	652.2749949097633	540168	270084.0	anat,dwi,func
ds004884	sub-M2181	ses-502	2	1	1	295905067	4450053	1304.5499898195267	652.2749949097633	540168	270084.0	anat,dwi,func
ds004884	sub-M2181	ses-528	2	0	0	296752253	0	1304.5499898195267	652.2749949097633	540168	270084.0	dwi,func
ds004884	sub-M2181	ses-580	2	0	0	297103239	0	1304.5499898195267	652.2749949097633	540168	270084.0	dwi,func
ds004884	sub-M2181	ses-761	2	0	1	298237958	0	1304.5499898195267	652.2749949097633	540168	270084.0	anat,dwi,func
ds004884	sub-M2181	ses-781	3	0	0	30832886	0	1800.0	600.0	405504	135168.0	func
ds004884	sub-M2181	ses-808	3	0	0	31397951	0	1800.0	600.0	405504	135168.0	func
ds004884	sub-M2181	ses-809	0	1	1	0	4555648	n/a	n/a	n/a	n/a	anat
ds004884	sub-M2182	ses-1047	2	0	1	293060647	0	1304.5499898195267	652.2749949097633	540168	270084.0	anat,dwi,func
ds004884	sub-M2182	ses-802	2	1	1	294870869	3598770	1304.5499898195267	652.2749949097633	540168	270084.0	anat,func
ds004884	sub-M2182	ses-809	0	0	0	0	0	n/a	n/a	n/a	n/a	dwi
ds004884	sub-M2182	ses-876	2	0	0	291811792	0	1304.5499898195267	652.2749949097633	540168	270084.0	dwi,func
ds004884	sub-M2183	ses-1113	1	1	1	290980936	4007369	704.5499898195267	704.5499898195267	405000	405000.0	anat,dwi,func
ds004884	sub-M2183	ses-367	2	1	1	300746306	4064207	1304.5499898195267	652.2749949097633	540168	270084.0	anat,dwi,func
ds004884	sub-M2183	ses-442	2	1	1	300379906	4019023	1304.5499898195267	652.2749949097633	540168	270084.0	anat,dwi,func
ds004884	sub-M2183	ses-476	2	0	0	299276508	0	1304.5499898195267	652.2749949097633	540168	270084.0	dwi,func
ds004884	sub-M2183	ses-533	2	0	0	297765625	0	1304.5499898195267	652.2749949097633	540168	270084.0	dwi,func
ds004884	sub-M2183	ses-723	2	0	1	300942373	0	1304.5499898195267	652.2749949097633	540168	270084.0	anat,dwi,func
ds004884	sub-M2184	ses-358	1	1	1	289946643	4193772	704.5499898195267	704.5499898195267	405000	405000.0	anat,dwi,func
ds004884	sub-M2185	ses-1046	1	1	1	283415235	4176086	704.5499898195267	704.5499898195267	405000	405000.0	anat,dwi,func
ds004884	sub-M2185	ses-2418	2	1	1	294287323	4526238	1304.5499898195267	652.2749949097633	540168	270084.0	anat,dwi,func
ds004884	sub-M2185	ses-388	2	1	1	293673238	4627937	1304.5499898195267	652.2749949097633	540168	270084.0	anat,dwi,func
ds004884	sub-M2185	ses-400	0	1	0	0	4371317	n/a	n/a	n/a	n/a	anat
ds004884	sub-M2185	ses-428	2	0	0	293685240	0	1304.5499898195267	652.2749949097633	540168	270084.0	dwi,func
ds004884	sub-M2185	ses-477	2	0	0	291594490	0	1304.5499898195267	652.2749949097633	540168	270084.0	dwi,func
ds004884	sub-M2185	ses-661	0	1	1	0	4526937	n/a	n/a	n/a	n/a	anat
ds004884	sub-M2185	ses-668	2	0	1	294028953	0	1304.5499898195267	652.2749949097633	540168	270084.0	anat,dwi,func
ds004884	sub-M2186	ses-1135	1	1	1	281864525	3493696	704.5499898195267	704.5499898195267	405000	405000.0	anat,dwi,func
ds004884	sub-M2186	ses-378	2	1	1	286972333	3441712	1304.5499898195267	652.2749949097633	540168	270084.0	anat,dwi,func
ds004884	sub-M2186	ses-446	2	1	1	287915787	3433436	1304.5499898195267	652.2749949097633	540168	270084.0	anat,dwi,func
ds004884	sub-M2186	ses-475	2	0	0	286479816	0	1304.5499898195267	652.2749949097633	540168	270084.0	dwi,func
ds004884	sub-M2186	ses-523	2	0	0	290072115	0	1304.5499898195267	652.2749949097633	540168	270084.0	dwi,func
ds004884	sub-M2186	ses-705	2	0	1	290085747	0	1304.5499898195267	652.2749949097633	540168	270084.0	anat,dwi,func
ds004884	sub-M2191	ses-1359	0	1	1	0	1804594	n/a	n/a	n/a	n/a	anat
ds004884	sub-M2191	ses-681	0	1	1	0	3380034	n/a	n/a	n/a	n/a	anat
ds004884	sub-M2192	ses-1187	1	1	1	278022540	3353061	704.5499898195267	704.5499898195267	405000	405000.0	anat,dwi,func
ds004884	sub-M2192	ses-1221	1	1	1	297404710	4593875	704.5499898195267	704.5499898195267	405000	405000.0	anat,dwi,func
ds004884	sub-M2192	ses-536	2	1	1	302870339	4376804	1304.5499898195267	652.2749949097633	540168	270084.0	anat,dwi,func
ds004884	sub-M2192	ses-578	2	0	0	303724416	0	1304.5499898195267	652.2749949097633	540168	270084.0	dwi,func
ds004884	sub-M2192	ses-604	2	0	0	305272949	0	1304.5499898195267	652.2749949097633	540168	270084.0	dwi,func
ds004884	sub-M2192	ses-647	2	0	0	304737536	0	1304.5499898195267	652.2749949097633	540168	270084.0	dwi,func
ds004884	sub-M2192	ses-836	2	0	1	305727603	0	1304.5499898195267	652.2749949097633	540168	270084.0	anat,dwi,func
ds004884	sub-M2195	ses-1805	2	1	1	288988882	3263881	1304.5499898195267	652.2749949097633	540168	270084.0	anat,dwi,func
ds004884	sub-M2195	ses-601	2	1	1	289160390	3238397	1304.5499898195267	652.2749949097633	540168	270084.0	anat,dwi,func
ds004884	sub-M2196	ses-386	2	1	1	293114077	3761191	1304.5499898195267	652.2749949097633	540168	270084.0	anat,dwi,func
ds004884	sub-M2196	ses-450	2	0	0	292637700	0	1304.5499898195267	652.2749949097633	540168	270084.0	dwi,func
ds004884	sub-M2196	ses-499	2	0	0	291692759	0	1304.5499898195267	652.2749949097633	540168	270084.0	dwi,func
ds004884	sub-M2196	ses-687	2	0	1	295830483	0	1304.5499898195267	652.2749949097633	540168	270084.0	anat,dwi,func
ds004884	sub-M2197	ses-1165	2	1	1	293294439	3584531	1304.5499898195267	652.2749949097633	540168	270084.0	anat,dwi,func
ds004884	sub-M2197	ses-1259	3	0	0	29846863	0	1800.0	600.0	405504	135168.0	func
ds004884	sub-M2197	ses-1286	2	0	0	20013793	0	1200.0	600.0	270336	135168.0	func
ds004884	sub-M2197	ses-1473	2	1	1	292857406	3688508	1304.5499898195267	652.2749949097633	540168	270084.0	anat,dwi,func
ds004884	sub-M2197	ses-1498	2	0	0	290458052	0	1304.5499898195267	652.2749949097633	540168	270084.0	dwi,func
ds004884	sub-M2197	ses-1552	2	0	0	292707914	0	1304.5499898195267	652.2749949097633	540168	270084.0	dwi,func
ds004884	sub-M2197	ses-1753	2	0	1	293878036	0	1304.5499898195267	652.2749949097633	540168	270084.0	anat,dwi,func
ds004884	sub-M2198	ses-1073	2	1	1	300603982	4761735	1304.5499898195267	652.2749949097633	540168	270084.0	anat,dwi,func
ds004884	sub-M2198	ses-1118	2	0	0	302429492	0	1304.5499898195267	652.2749949097633	540168	270084.0	dwi,func
ds004884	sub-M2198	ses-1163	2	0	0	299565682	0	1304.5499898195267	652.2749949097633	540168	270084.0	dwi,func
ds004884	sub-M2198	ses-1354	2	0	1	299091640	0	1304.5499898195267	652.2749949097633	540168	270084.0	anat,dwi,func
ds004884	sub-M2199	ses-671	2	1	1	284323401	3297082	1304.5499898195267	652.2749949097633	540168	270084.0	anat,dwi,func
ds004884	sub-M2199	ses-714	2	0	0	283208177	0	1304.5499898195267	652.2749949097633	540168	270084.0	dwi,func
ds004884	sub-M2199	ses-760	2	0	0	283359442	0	1304.5499898195267	652.2749949097633	540168	270084.0	dwi,func
ds004884	sub-M2199	ses-950	2	0	1	282490087	0	1304.5499898195267	652.2749949097633	540168	270084.0	anat,dwi,func
ds004884	sub-M2200	ses-1055	2	0	1	296286757	0	1304.5499898195267	652.2749949097633	540168	270084.0	anat,dwi,func
ds004884	sub-M2200	ses-783	2	1	1	299308326	3889201	1304.5499898195267	652.2749949097633	540168	270084.0	anat,dwi,func
ds004884	sub-M2200	ses-829	2	0	0	296670740	0	1304.5499898195267	652.2749949097633	540168	270084.0	dwi,func
ds004884	sub-M2200	ses-873	2	0	0	298371093	0	1304.5499898195267	652.2749949097633	540168	270084.0	dwi,func
ds004884	sub-M2200	ses-937	0	1	1	0	3920303	n/a	n/a	n/a	n/a	anat
ds004884	sub-M2201	ses-294	2	1	1	304657920	4830897	1304.5499898195267	652.2749949097633	540168	270084.0	anat,dwi,func
ds004884	sub-M2202	ses-423	2	1	1	291288704	3757658	1304.5499898195267	652.2749949097633	535944	267972.0	anat,func
ds004884	sub-M2204	ses-577	2	1	1	291282081	4129287	1304.5499898195267	652.2749949097633	540168	270084.0	anat,dwi,func
ds004884	sub-M2204	ses-654	2	0	0	292707504	0	1304.5499898195267	652.2749949097633	540168	270084.0	dwi,func
ds004884	sub-M2204	ses-693	2	0	0	290093347	0	1304.5499898195267	652.2749949097633	540168	270084.0	dwi,func
ds004884	sub-M2205	ses-429	2	1	1	296493820	3811956	1304.5499898195267	652.2749949097633	540168	270084.0	anat,dwi,func
ds004884	sub-M2207	ses-3014	2	1	1	290644193	3779545	1304.5499898195267	652.2749949097633	540168	270084.0	anat,dwi,func
ds004884	sub-M2207	ses-3060	2	0	0	292002382	0	1304.5499898195267	652.2749949097633	540168	270084.0	dwi,func
ds004884	sub-M2207	ses-3098	2	0	0	293166339	0	1304.5499898195267	652.2749949097633	540168	270084.0	dwi,func
ds004884	sub-M2207	ses-3281	2	0	1	289883593	0	1304.5499898195267	652.2749949097633	540168	270084.0	anat,dwi,func
ds004884	sub-M2208	ses-2233	2	1	1	285129347	3287146	1304.5499898195267	652.2749949097633	540168	270084.0	anat,dwi,func
ds004884	sub-M2208	ses-446	2	1	1	282283152	3382898	1304.5499898195267	652.2749949097633	540168	270084.0	anat,dwi,func
ds004884	sub-M2208	ses-488	2	0	0	284532694	0	1304.5499898195267	652.2749949097633	540168	270084.0	dwi,func
ds004884	sub-M2208	ses-536	2	0	0	284166323	0	1304.5499898195267	652.2749949097633	540168	270084.0	dwi,func
ds004884	sub-M2208	ses-714	2	0	1	286990558	0	1304.5499898195267	652.2749949097633	540168	270084.0	anat,dwi,func
ds004884	sub-M2209	ses-515	2	1	1	292085557	3546314	1304.5499898195267	652.2749949097633	540168	270084.0	anat,dwi,func
ds004884	sub-M2209	ses-568	2	0	0	291373947	0	1304.5499898195267	652.2749949097633	540168	270084.0	dwi,func
ds004884	sub-M2209	ses-617	2	0	0	289062411	0	1304.5499898195267	652.2749949097633	540168	270084.0	dwi,func
ds004884	sub-M2209	ses-802	2	0	1	293711797	0	1304.5499898195267	652.2749949097633	540168	270084.0	anat,dwi,func
ds004884	sub-M2210	ses-4388	2	1	1	298008075	4223984	1304.5499898195267	652.2749949097633	540168	270084.0	anat,dwi,func
ds004884	sub-M2211	ses-453	2	1	1	302469041	4140745	1304.5499898195267	652.2749949097633	540168	270084.0	anat,dwi,func
ds004884	sub-M2211	ses-495	2	0	0	301058967	0	1304.5499898195267	652.2749949097633	540168	270084.0	dwi,func
ds004884	sub-M2211	ses-551	2	0	0	300093295	0	1304.5499898195267	652.2749949097633	540168	270084.0	dwi,func
ds004884	sub-M2211	ses-759	2	1	1	301232135	4231975	1304.5499898195267	652.2749949097633	540168	270084.0	anat,dwi,func
ds004884	sub-M2212	ses-6327	2	1	1	294056897	4076217	1304.5499898195267	652.2749949097633	540168	270084.0	anat,dwi,func
ds004884	sub-M2212	ses-6354	2	0	0	295067968	0	1304.5499898195267	652.2749949097633	540168	270084.0	dwi,func
ds004884	sub-M2212	ses-6419	2	0	0	294143126	0	1304.5499898195267	652.2749949097633	540168	270084.0	dwi,func
ds004884	sub-M2212	ses-6447	0	1	1	0	4025725	n/a	n/a	n/a	n/a	anat
ds004884	sub-M2212	ses-6494	2	1	1	291631663	3455643	1304.5499898195267	652.2749949097633	540168	270084.0	anat,dwi,func
ds004884	sub-M2212	ses-6601	1	0	0	9995756	0	600.0	600.0	135168	135168.0	func
ds004884	sub-M2213	ses-1743	2	1	1	289947301	3654327	1304.5499898195267	652.2749949097633	540168	270084.0	anat,dwi,func
ds004884	sub-M2213	ses-1764	2	0	0	291667699	0	1304.5499898195267	652.2749949097633	540168	270084.0	dwi,func
ds004884	sub-M2213	ses-1827	2	0	0	290597633	0	1304.5499898195267	652.2749949097633	540168	270084.0	dwi,func
ds004884	sub-M2214	ses-362	2	1	1	303855300	4330030	1304.5499898195267	652.2749949097633	540168	270084.0	anat,dwi,func
ds004884	sub-M2215	ses-1354	2	1	1	301327329	4237240	1304.5499898195267	652.2749949097633	540168	270084.0	anat,dwi,func
ds004884	sub-M2215	ses-473	2	0	0	292216059	0	1304.5499898195267	652.2749949097633	540168	270084.0	dwi,func
ds004884	sub-M2216	ses-2015	2	1	1	290492853	4183699	1304.5499898195267	652.2749949097633	540168	270084.0	anat,dwi,func
ds004884	sub-M2216	ses-2050	2	0	0	290457529	0	1304.5499898195267	652.2749949097633	540168	270084.0	anat,dwi,func
ds004884	sub-M2216	ses-2099	2	0	0	293368304	0	1304.5499898195267	652.2749949097633	540168	270084.0	dwi,func
ds004884	sub-M2216	ses-2289	2	0	1	294418940	0	1304.5499898195267	652.2749949097633	540168	270084.0	anat,dwi,func
ds004884	sub-M2220	ses-1611	2	1	1	291095356	3603370	1304.5499898195267	652.2749949097633	540168	270084.0	anat,dwi,func
ds004884	sub-M2220	ses-1926	2	1	1	293016502	3663504	1304.5499898195267	652.2749949097633	540168	270084.0	anat,dwi,func
ds004884	sub-M2220	ses-359	2	1	1	292425351	3625659	1304.5499898195267	652.2749949097633	540168	270084.0	anat,dwi,func
ds004884	sub-M2220	ses-394	2	0	0	290138589	0	1304.5499898195267	652.2749949097633	540168	270084.0	dwi,func
ds004884	sub-M2220	ses-440	2	0	0	288853121	0	1304.5499898195267	652.2749949097633	540168	270084.0	dwi,func
ds004884	sub-M2220	ses-574	0	1	1	0	3576871	n/a	n/a	n/a	n/a	anat
ds004884	sub-M2221	ses-2045	2	1	1	287445317	3412830	1304.5499898195267	652.2749949097633	540168	270084.0	anat,dwi,func
ds004884	sub-M2221	ses-2332	2	1	1	289717769	3537848	1304.5499898195267	652.2749949097633	540168	270084.0	anat,dwi,func
ds004884	sub-M2221	ses-750	2	0	0	286200585	0	1304.5499898195267	652.2749949097633	540168	270084.0	anat,dwi,func
ds004884	sub-M2221	ses-772	0	1	0	0	3601133	n/a	n/a	n/a	n/a	anat
ds004884	sub-M2221	ses-784	2	0	0	287094772	0	1304.5499898195267	652.2749949097633	540168	270084.0	dwi,func
ds004884	sub-M2222	ses-759	0	1	1	0	4148869	n/a	n/a	n/a	n/a	anat
ds004884	sub-M2223	ses-644	2	1	1	286180741	3439537	1304.5499898195267	652.2749949097633	540168	270084.0	anat,dwi,func
ds004884	sub-M2223	ses-727	2	0	0	286706200	0	1304.5499898195267	652.2749949097633	540168	270084.0	dwi,func
ds004884	sub-M2223	ses-770	0	1	1	0	3482077	n/a	n/a	n/a	n/a	anat
ds004884	sub-M2223	ses-781	2	0	0	288452928	0	1304.5499898195267	652.2749949097633	540168	270084.0	dwi,func
ds004884	sub-M2226	ses-1361	2	1	1	299254921	3914476	1304.5499898195267	652.2749949097633	540168	270084.0	anat,dwi,func
ds004884	sub-M2226	ses-1640	2	1	1	298882212	3950549	1304.5499898195267	652.2749949097633	540168	270084.0	anat,dwi,func
ds004884	sub-M2226	ses-311	2	1	1	301635922	3863993	1304.5499898195267	652.2749949097633	540168	270084.0	anat,dwi,func
ds004884	sub-M2226	ses-366	2	0	0	299165543	0	1304.5499898195267	652.2749949097633	540168	270084.0	dwi,func
ds004884	sub-M2226	ses-390	2	0	0	298292539	0	1304.5499898195267	652.2749949097633	540168	270084.0	dwi,func
ds004884	sub-M2226	ses-433	2	0	0	297654743	0	1304.5499898195267	652.2749949097633	540168	270084.0	dwi,func
ds004884	sub-M2227	ses-424	2	1	1	302257253	4498185	1304.5499898195267	652.2749949097633	540168	270084.0	anat,dwi,func
ds004884	sub-M2227	ses-479	2	0	0	300702915	0	1304.5499898195267	652.2749949097633	540168	270084.0	dwi,func
ds004884	sub-M2227	ses-525	2	0	0	304417836	0	1304.5499898195267	652.2749949097633	540168	270084.0	dwi,func
ds004884	sub-M2228	ses-1752	2	1	1	293695489	3887401	1304.5499898195267	652.2749949097633	540168	270084.0	anat,dwi,func
ds004884	sub-M2228	ses-456	2	1	1	292173126	3804583	1304.5499898195267	652.2749949097633	540168	270084.0	anat,dwi,func
ds004884	sub-M2228	ses-518	1	1	0	9881251	3823295	600.0	600.0	135168	135168.0	anat,dwi,func
ds004884	sub-M2228	ses-547	2	0	0	289572098	0	1304.5499898195267	652.2749949097633	540168	270084.0	dwi,func
ds004884	sub-M2230	ses-238	2	1	1	292878610	3646605	1304.5499898195267	652.2749949097633	540168	270084.0	anat,dwi,func
ds004884	sub-M2232	ses-492	2	1	1	290374618	3730139	1304.5499898195267	652.2749949097633	540168	270084.0	anat,dwi,func
ds004884	sub-M2232	ses-545	2	0	0	295104583	0	1304.5499898195267	652.2749949097633	540168	270084.0	dwi,func
ds004884	sub-M2232	ses-614	2	0	0	295715732	0	1304.5499898195267	652.2749949097633	540168	270084.0	dwi,func
ds004884	sub-M2234	ses-715	1	1	1	9672229	3632080	600.0	600.0	135168	135168.0	anat,func
ds004884	sub-M2234	ses-786	2	0	0	291044507	0	1304.5499898195267	652.2749949097633	540168	270084.0	dwi,func
ds004884	sub-M2234	ses-840	2	0	0	293174856	0	1304.5499898195267	652.2749949097633	540168	270084.0	dwi,func
ds004884	sub-M2235	ses-398	2	1	1	301746652	4524411	1304.5499898195267	652.2749949097633	540168	270084.0	anat,dwi,func
ds004884	sub-M2235	ses-454	2	0	0	301467855	0	1304.5499898195267	652.2749949097633	540168	270084.0	dwi,func
ds004884	sub-M2235	ses-505	2	0	0	302211724	0	1304.5499898195267	652.2749949097633	540168	270084.0	dwi,func
ds004884	sub-M2236	ses-1937	2	1	1	302824181	4305338	1304.5499898195267	652.2749949097633	540168	270084.0	anat,dwi,func
ds004884	sub-M2237	ses-397	2	1	1	288274877	3415119	1304.5499898195267	652.2749949097633	540168	270084.0	anat,dwi,func
ds004884	sub-M2237	ses-499	2	0	0	289200909	0	1304.5499898195267	652.2749949097633	540168	270084.0	dwi,func
ds004884	sub-M2238	ses-1355	2	0	0	282708564	0	1271.5499902963638	635.7749951481819	540168	270084.0	func
ds004884	sub-M2238	ses-1374	0	1	1	0	3675954	n/a	n/a	n/a	n/a	anat,dwi
ds004884	sub-M2239	ses-1609	2	1	1	303544299	4262675	1304.5499898195267	652.2749949097633	540168	270084.0	anat,dwi,func
ds004884	sub-M2239	ses-1683	2	0	0	304422820	0	1304.5499898195267	652.2749949097633	540168	270084.0	dwi,func
ds004884	sub-M2239	ses-2169	2	1	1	302081491	4282900	1304.5499898195267	652.2749949097633	540168	270084.0	anat,dwi,func
ds004884	sub-M2239	ses-2394	2	1	1	303085145	4318525	1304.5499898195267	652.2749949097633	540168	270084.0	anat,dwi,func
ds004884	sub-M2239	ses-2423	2	1	1	301909636	4323652	1304.5499898195267	652.2749949097633	540168	270084.0	anat,dwi,func
ds004884	sub-M2239	ses-2472	2	1	1	303040150	4302864	1304.5499898195267	652.2749949097633	540168	270084.0	anat,dwi,func
ds004884	sub-M2239	ses-2668	2	1	1	300312978	4282462	1304.5499898195267	652.2749949097633	540168	270084.0	anat,dwi,func
ds004884	sub-M2240	ses-1465	2	1	1	299824801	4222303	1304.5499898195267	652.2749949097633	540168	270084.0	anat,dwi,func
ds004884	sub-M2243	ses-1581	2	1	1	296419016	4127467	1304.5499898195267	652.2749949097633	540168	270084.0	anat,dwi,func
ds004884	sub-M2243	ses-445	2	0	0	299232188	0	1304.5499898195267	652.2749949097633	540168	270084.0	dwi,func
ds004884	sub-M2245	ses-6526	2	1	1	305889874	4545568	1304.5499898195267	652.2749949097633	540168	270084.0	anat,dwi,func
ds004884	sub-M2245	ses-7072	2	1	1	301906638	4402873	1304.5499898195267	652.2749949097633	540168	270084.0	anat,dwi,func
ds004884	sub-M2246	ses-1022	2	1	1	292938015	3807562	1304.5499898195267	652.2749949097633	540168	270084.0	anat,dwi,func
ds004884	sub-M2246	ses-1200	2	1	1	290563536	3856484	1304.5499898195267	652.2749949097633	540168	270084.0	anat,dwi,func
ds004884	sub-M2246	ses-853	2	1	1	294978706	3800401	1304.5499898195267	652.2749949097633	540168	270084.0	anat,dwi,func
ds004884	sub-M2248	ses-2093	2	1	1	303168625	4097170	1304.5499898195267	652.2749949097633	540168	270084.0	anat,dwi,func
ds004884	sub-M2252	ses-738	2	1	1	291357703	3962474	1304.5499898195267	652.2749949097633	540168	270084.0	anat,dwi,func
ds004884	sub-M2252	ses-752	2	1	1	300058060	3944136	1304.5499898195267	652.2749949097633	540168	270084.0	anat,dwi,func
ds004884	sub-M2254	ses-814	1	1	1	295267468	4698743	704.5499898195267	704.5499898195267	405000	405000.0	anat,dwi,func
ds004884	sub-M2259	ses-1050	2	1	1	304211043	4714254	1304.5499898195267	652.2749949097633	540168	270084.0	anat,dwi,func
ds004884	sub-M2259	ses-1087	2	1	1	307452770	4573528	1304.5499898195267	652.2749949097633	540168	270084.0	anat,dwi,func
ds004884	sub-M2259	ses-1138	2	0	0	308041197	0	1304.5499898195267	652.2749949097633	540168	270084.0	dwi,func
ds004884	sub-M2259	ses-1323	2	1	1	307918827	5066001	1304.5499898195267	652.2749949097633	540168	270084.0	anat,dwi,func
ds004884	sub-M2260	ses-780	2	1	1	295554320	3990078	1304.5499898195267	652.2749949097633	540168	270084.0	anat,dwi,func
ds004884	sub-M2260	ses-817	2	1	1	294637314	3978013	1304.5499898195267	652.2749949097633	540168	270084.0	anat,dwi,func
ds004884	sub-M2262	ses-400	2	1	1	303819044	4375157	1304.5499898195267	652.2749949097633	540168	270084.0	anat,dwi,func
ds004884	sub-M2265	ses-849	2	1	1	289113189	3575970	1304.5499898195267	652.2749949097633	540168	270084.0	anat,dwi,func
ds004884	sub-M2266	ses-1380	2	1	1	293334718	3784330	1304.5499898195267	652.2749949097633	540168	270084.0	anat,dwi,func
ds004884	sub-M2266	ses-1404	2	1	1	293613309	3830350	1304.5499898195267	652.2749949097633	540168	270084.0	anat,dwi,func
ds004884	sub-M2266	ses-1453	2	1	1	295655201	3875790	1304.5499898195267	652.2749949097633	540168	270084.0	anat,dwi,func
ds004884	sub-M2266	ses-1664	2	1	1	291957416	3819737	1304.5499898195267	652.2749949097633	540168	270084.0	anat,dwi,func
ds004884	sub-M2268	ses-344	2	1	1	302238892	4242074	1304.5499898195267	652.2749949097633	540168	270084.0	anat,dwi,func
ds004884	sub-M2269	ses-767	2	1	1	293396275	3838740	1304.5499898195267	652.2749949097633	540168	270084.0	anat,dwi,func
ds004884	sub-M2270	ses-1947	2	1	1	296147932	3684325	1304.5499898195267	652.2749949097633	540168	270084.0	anat,dwi,func
ds004884	sub-M2270	ses-2374	2	1	1	295267593	3776270	1304.5499898195267	652.2749949097633	540168	270084.0	anat,dwi,func
ds004884	sub-M2270	ses-2402	2	1	1	296915146	3744915	1304.5499898195267	652.2749949097633	540168	270084.0	anat,dwi,func
ds004884	sub-M2270	ses-2472	2	1	1	297418223	3749167	1304.5499898195267	652.2749949097633	540168	270084.0	anat,dwi,func
ds004884	sub-M2270	ses-2668	2	1	1	295048020	3719660	1304.5499898195267	652.2749949097633	540168	270084.0	anat,func
ds004884	sub-M2271	ses-207	2	1	1	295733330	4018058	1304.5499898195267	652.2749949097633	540168	270084.0	anat,dwi,func
ds004884	sub-M2271	ses-416	2	1	1	299252608	3984792	1304.5499898195267	652.2749949097633	540168	270084.0	anat,dwi,func
ds004884	sub-M2272	ses-2189	2	1	1	305664928	4662239	1304.5499898195267	652.2749949097633	540168	270084.0	anat,dwi,func
ds004884	sub-M2275	ses-1002	2	1	1	310667146	5048071	1304.5499898195267	652.2749949097633	540168	270084.0	anat,dwi,func
ds004884	sub-M2275	ses-1232	3	1	1	321435868	5092295	1904.5499898195267	634.8499966065089	675336	225112.0	anat,dwi,func
ds004884	sub-M2275	ses-871	2	1	1	308262433	4489643	1304.5499898195267	652.2749949097633	540168	270084.0	anat,dwi,func
ds004884	sub-M2275	ses-948	2	1	1	312306637	5111370	1304.5499898195267	652.2749949097633	540168	270084.0	anat,dwi,func
ds004884	sub-M2276	ses-1364	2	1	1	309736332	4782476	1304.5499898195267	652.2749949097633	540168	270084.0	anat,dwi,func
ds004884	sub-M2277	ses-596	2	1	1	296005168	3738575	1304.5499898195267	652.2749949097633	540168	270084.0	anat,dwi,func
ds004884	sub-M2277	ses-673	2	1	1	292334857	3710193	1304.5499898195267	652.2749949097633	540168	270084.0	anat,dwi,func
ds004884	sub-M2277	ses-722	1	1	1	281814741	3665867	704.5499898195267	704.5499898195267	405000	405000.0	anat,dwi,func
ds004884	sub-M2277	ses-902	2	1	1	294321381	3783301	1304.5499898195267	652.2749949097633	540168	270084.0	anat,dwi,func
ds004884	sub-M2278	ses-388	2	1	1	299166529	4250718	1304.5499898195267	652.2749949097633	540168	270084.0	anat,dwi,func
ds004884	sub-M2279	ses-272	2	1	1	300456478	4041985	1304.5499898195267	652.2749949097633	540168	270084.0	anat,dwi,func
ds004884	sub-M2281	ses-430	2	1	1	297166843	12615487	1304.5499898195267	652.2749949097633	540168	270084.0	anat,dwi,func
ds004884	sub-M2281	ses-500	2	1	1	295904746	3929506	1304.5499898195267	652.2749949097633	540168	270084.0	anat,dwi,func
ds004884	sub-M2281	ses-570	2	1	1	298152486	3861071	1304.5499898195267	652.2749949097633	540168	270084.0	anat,dwi,func
ds004884	sub-M2281	ses-752	2	1	1	295902583	3891812	1304.5499898195267	652.2749949097633	540168	270084.0	anat,dwi,func
ds004884	sub-M2282	ses-446	2	1	1	304195299	4435753	1304.5499898195267	652.2749949097633	540168	270084.0	anat,dwi,func
ds004884	sub-M2282	ses-534	2	1	1	302164181	4417275	1304.5499898195267	652.2749949097633	540168	270084.0	anat,dwi,func
ds004884	sub-M2282	ses-572	3	1	1	314267542	4454002	1904.5499898195267	634.8499966065089	675336	225112.0	anat,dwi,func
ds004884	sub-M2282	ses-634	2	1	1	301137348	4340187	1304.5499898195267	652.2749949097633	540168	270084.0	anat,dwi,func
ds004884	sub-M2283	ses-246	2	1	1	289306886	3267900	1304.5499898195267	652.2749949097633	540168	270084.0	anat,dwi,func
ds004884	sub-M2283	ses-473	2	1	1	288815421	3227132	1304.5499898195267	652.2749949097633	540168	270084.0	anat,dwi,func
ds004884	sub-M2283	ses-527	2	1	1	289900099	3330832	1304.5499898195267	652.2749949097633	540168	270084.0	anat,dwi,func
ds004884	sub-M2283	ses-577	2	1	1	288124520	3307689	1304.5499898195267	652.2749949097633	540168	270084.0	anat,dwi,func
ds004884	sub-M2285	ses-344	2	1	1	291331475	3279974	1304.5499898195267	652.2749949097633	540168	270084.0	anat,dwi,func
ds004884	sub-M2285	ses-427	2	1	1	286307437	3330812	1304.5499898195267	652.2749949097633	540168	270084.0	anat,dwi,func
ds004884	sub-M2285	ses-457	2	1	1	289212809	3409370	1304.5499898195267	652.2749949097633	540168	270084.0	anat,dwi,func
ds004884	sub-M2285	ses-501	2	1	1	288262011	3281586	1304.5499898195267	652.2749949097633	540168	270084.0	anat,dwi,func
ds004884	sub-M2285	ses-714	2	1	1	291959265	3395282	1304.5499898195267	652.2749949097633	540168	270084.0	anat,dwi,func
ds004884	sub-M2287	ses-397	2	1	1	307074590	4616012	1304.5499898195267	652.2749949097633	540168	270084.0	anat,dwi,func
ds004884	sub-M2290	ses-320	2	1	1	297588936	3984860	1304.5499898195267	652.2749949097633	540168	270084.0	anat,dwi,func
ds004884	sub-M2291	ses-3786	2	1	1	300132678	4320363	1304.5499898195267	652.2749949097633	540168	270084.0	anat,dwi,func
ds004884	sub-M2291	ses-4112	2	1	1	302509100	4395713	1304.5499898195267	652.2749949097633	540168	270084.0	anat,dwi,func
ds004884	sub-M2292	ses-1190	2	1	1	300537795	4054734	1304.5499898195267	652.2749949097633	540168	270084.0	anat,dwi,func
ds004884	sub-M2292	ses-1285	2	1	1	301438650	4080327	1304.5499898195267	652.2749949097633	540168	270084.0	anat,dwi,func
ds004884	sub-M2293	ses-209	2	1	1	297410943	3969613	1304.5499898195267	652.2749949097633	540168	270084.0	anat,dwi,func
ds004884	sub-M2294	ses-56	2	1	1	292953872	3601620	1304.5499898195267	652.2749949097633	540168	270084.0	anat,dwi,func
ds004884	sub-M2295	ses-239	2	1	1	300028440	4457280	1304.5499898195267	652.2749949097633	540168	270084.0	anat,dwi,func
ds004884	sub-M2297	ses-6264	2	1	1	300255775	4027942	1304.5499898195267	652.2749949097633	540168	270084.0	anat,dwi,func
ds004884	sub-M2298	ses-382	2	1	1	300586810	4253716	1304.5499898195267	652.2749949097633	540168	270084.0	anat,dwi,func
ds004884	sub-M2299	ses-424	2	1	1	300541619	4127937	1304.5499898195267	652.2749949097633	540168	270084.0	anat,dwi,func
ds004884	sub-M2299	ses-473	3	1	1	311167482	4135824	1904.5499898195267	634.8499966065089	675336	225112.0	anat,dwi,func
ds004884	sub-M2300	ses-1457	2	1	1	303958996	4943492	1304.5499898195267	652.2749949097633	540168	270084.0	anat,dwi,func
ds004884	sub-M2300	ses-1498	2	1	1	305396532	4991112	1304.5499898195267	652.2749949097633	540168	270084.0	anat,dwi,func
ds004884	sub-M2300	ses-1556	1	1	1	10865540	5003737	600.0	600.0	135168	135168.0	anat,func
ds004884	sub-M2304	ses-262	2	1	1	290870496	3626727	1304.5499898195267	652.2749949097633	540168	270084.0	anat,dwi,func
ds004884	sub-M2305	ses-475	2	1	1	299334652	4108187	1304.5499898195267	652.2749949097633	540168	270084.0	anat,func
ds004884	sub-M2306	ses-707	2	1	1	295895919	4097641	1304.5499898195267	652.2749949097633	540168	270084.0	anat,func
ds004884	sub-M2307	ses-371	1	1	1	279796265	3688968	704.5499898195267	704.5499898195267	405000	405000.0	anat,dwi,func
ds004884	sub-M2308	ses-1705	2	1	1	305782642	4805428	1304.5499898195267	652.2749949097633	540168	270084.0	anat,dwi,func
ds004884	sub-M2309	ses-960	2	1	1	299842810	4223620	1304.5499898195267	652.2749949097633	540168	270084.0	anat,dwi,func
ds004884	sub-M2310	ses-540	2	1	1	296631780	3901905	1304.5499898195267	652.2749949097633	540168	270084.0	anat,dwi,func
